CUST_CODE,CUST_FNAME,CUST_LNAME,CUST_STREET,CUST_CITY,CUST_STATE,CUST_ZIP,CUST_BALANCE
86,RUBY,HUDSON,1013 SNOWLINE DRIVE,Fayetteville,NC,28305,1482.35
87,MICHEAL,KIRKLAND,1027 POLLOCK DRIVE,Greenback,TN,37742,642.45
88,LINO,VIGIL,1201 BARNES AVENUE,Alquina,IN,47331,1329.78
89,MONICA,CANTRELL,697 ADAK CIRCLE,Loachapoka,AL,36865,1255.46
90,HELEN,GOLDMAN,1823 HORIZON STREET,Catawba Heights,NC,28012,935.5
91,ALEXANDRA,PENNINGTON,481 CHALLENGER CIRCLE,Aurora,IN,47001,508.86
92,CARLENE,GONZALEZ,1162 CAMPBELL CREEK ROAD,Escanaba,MI,49829,1989
93,CIARA,BASSETT,1977 SEAWOLF DRIVE,Hope,ME,4847,1045.64
94,DOMINICK,PHELPS,62 EAST 25TH COURT,Upton,PA,17225,524.5
95,WILMA,DUNLAP,1575 KING WAY DRIVE,Bovina Center,NY,13740,2602.7
96,ROLANDA,TRUJILLO,1415 AUDUBON DRIVE,Calverton,NY,11933,1636.82
97,ERWIN,ANDERSON,884 PLEASANT DRIVE,Kingston,RI,2881,2895.49
98,VALENTIN,MARINO,1377 RUSHWOOD CIRCLE,White Plains,NY,10629,448.1
99,MINERVA,VENTURA,582 WINGATE CIRCLE,West Medford,MA,2156,1818.09
100,VELDA,NAVARRO,145 CRESCENT DRIVE,Tampa,FL,33681,389.63
101,LEONORA,FARRELL,2 EAST DOWLING ROAD,Reese,NC,28692,2949.67
102,EVA,KAISER,1084 LUNAR CIRCLE,Queen,PA,16670,1233.12
103,CORRINA,GIFFORD,1651 HIGHTOWER ROAD,Hampden,WV,25623,2122.07
104,THAD,RUIZ,966 VALARIAN STREET,Pine,NY,12203,495.41
105,FRANCIS,TRUJILLO,1921 WEST 74TH AVENUE,Neelyton,PA,17239,2019.38
106,MELONIE,JIMENEZ,848 DOWNEY FINCH LANE,East Monkton,VT,5443,1265.16
107,RAY,KEYES,303 TEEKOANA CIRCLE,Cliftonville,MS,39739,589.23
108,GONZALO,WHITNEY,1567 WALLACE MOUNTAIN ROAD,Crescent Beach,FL,34242,1123.4
109,SAL,STRATTON,985 OSTOVIA CIRCLE,Harts Store,NC,27022,0
110,CRISTINA,SOSA,904 PINNACLE CIRCLE,Cran Nav Dpo,IN,47522,0
111,JOSE,CASE,640 WEST 71ST COURT,Wyano,PA,15695,0
112,LAN,NICHOLS,367 LAKEVIEW DRIVE,Pittsburgh,PA,15262,4760.14
113,KORY,GOULD,1949 HUMPHREY DRIVE,Cochecton,NY,12726,657.57
114,MIRIAN,DIAMOND,1432 POTTER GLEN CIRCLE,Nauvoo,PA,16938,0
115,STACIE,SCHMITZ,704 WOODLAND DRIVE,Little Hocking,OH,45742,1989.53
116,STEPHAINE,MOSLEY,1372 LOREN CIRCLE,Saint Paris,OH,43072,749.61
117,KARON,MATA,1073 FERN CIRCLE,Bay State,MA,1060,3009.63
118,JESSE,HICKS,614 SOUTH AIRPARK DRIVE,Bay Head,NJ,8742,3058.55
119,MATTIE,VERNON,548 FALLING WATER DRIVE,Simsbury,CT,6092,1615.78
120,BRADLEY,BRYAN,1153 TOBUK CIRCLE,Philadelphia,PA,19116,1230.92
121,PETER,SMALL,1904 GLENN NB OFF MULDOON SB RAMP,Methodist Mem Home,IN,46792,341.55
122,JANNETTE,MCCARTHY,1450 ORCA PLACE,Millwood,GA,31552,1811.67
123,SHANTELL,DRAKE,1901 STERLING WAY,Quaker City,OH,43773,299.78
124,LINDSAY,BARRERA,496 DEGAN STREET,Gray,KY,40734,0
125,FLORENTINO,ROJAS,1211 JESSE LEE COURT,Merrill,NY,12955,81.57
126,DOLLY,MICHAEL,1359 SWEETWATER CIRCLE,Borden Shaft,MD,21532,3341.8
127,CORRINA,DENNIS,1021 CARNABY WAY,Hartleyville,IN,47421,1039.74
128,REGGIE,CAREY,644 INNES CIRCLE,Harrisburg,PA,17128,2050.86
129,MANUEL,CARROLL,1768 ANCHOR PARK CIRCLE,Williston Park,NY,11596,866.75
130,REYES,MANUEL,1180 NIKITA DRIVE,Mount Ayr,IN,47964,1945.15
131,SAL,WHALEY,1715 ADAK CIRCLE,Montezuma,GA,31063,1397.44
132,JANIS,DUBOIS,563 BENTREE CIRCLE,Reading,PA,19606,2015.62
133,RASHIDA,MEDINA,1440 ORCA STREET,Parks Crossroads,NC,27316,0
134,LES,SOLOMON,1815 BIRCHBARK AVENUE,Huntington,WV,25708,2442.72
135,CHRISTINE,CAMACHO,885 KILKERRY CIRCLE,Winding Gulf,WV,25908,1053.95
136,SID,WELSH,1932 CRISWELL CIRCLE,Edenton,NC,27932,2256.41
137,CONNIE,VELASQUEZ,1302 NORMANSHIRE COURT,Butlerville,IN,47223,604.69
138,MALIK,MORELAND,1807 FOREST PARK DRIVE,Foxborough,MA,2035,1339.61
139,LAVINA,CORNELL,137 BRIAR LOOP,New York,NY,10130,3099.1
140,CHRISTOPER,OAKES,1719 NORMANSHIRE COURT,Greensboro,GA,30642,0
141,ART,ALVARADO,603 FINE ARTS LANE,Baltimore,MD,21214,780.09
142,DIAN,DUKE,1861 BRENDL WAY,Millers Tavern,VA,23115,0
143,MOHAMMED,RANKIN,13 LINDA JO CIRCLE,Fernandina Beach,FL,32035,810.87
144,FRANCESCO,GOOD,1894 MOUNT KILIAK CIRCLE,Sea Bright,NJ,7760,0
145,GEORGIANNA,GIBBONS,55 GENEVA PLACE,Independence,WV,26374,0
146,JULIA,GREENBERG,1416 TALL SPRUCE DRIVE,Silver Spring,MD,20902,964.5
147,ZACHARIAH,CORREA,261 FISHER DRIVE,Bear Branch,KY,41714,1383.62
148,MAYA,ELLIOT,1991 OAK KNOLL DRIVE,Porter,PA,17980,2421.49
149,LENARD,FARR,1311 CAPTAIN COOK DRIVE,Leetonia,PA,17727,0
150,AMY,CHO,1540 MARGE COURT,Paul,MS,38920,997.41
151,MARGUERITE,PUTNAM,427 SAN ROBERTO AVENUE,Cornish,NH,3745,1009.5
152,LISETTE,WHITTAKER,339 NORTHPARK DRIVE,Montgomery,AL,36197,3322.63
153,JEREMY,TOBIN,46 BARBOA CIRCLE,Walkertown,KY,41701,525.22
154,DORENE,WARD,1363 HEIDE DRIVE,Panola,SC,29125,1326.23
155,MARANDA,HINKLE,301 VALARIAN STREET,Lakin,WV,25250,0
156,JONAS,BARRERA,246 CARLINE CIRCLE,Princess House,NC,27094,602.18
157,ROSALINE,BENSON,1590 NANTUCKET LOOP,Hancock,NH,3449,1708.86
158,SHANELL,KOEHLER,1051 PLATSEK DRIVE,Bayside Beach,MD,21122,905.78
159,GRACE,SALTER,612 LORI DRIVE,Austerlitz,NY,12017,3667.46
160,JUDI,FISHER,1421 WELLSLEY COURT,Columbia,PA,17512,0
161,HORTENCIA,HINKLE,1762 KNIK AVENUE,Dayton,OH,45454,837.11
162,LOUISA,REAGAN,784 LITTLE CAPE CIRCLE,West Neck,NY,11743,1221.04
163,MALISSA,ACEVEDO,159 BAXTER TERRACE CIRCLE,Britinay,MD,21234,839.09
164,MERLE,GUNTER,355 SEWARD SB OFF DIMOND RAMP,Lake Buena Vista,FL,32830,1325.97
165,MOHAMED,RAMSEY,1958 IRIS STREET,Lafayette,VA,24087,459.57
166,EARTHA,MONROE,1942 REVILLA CIRCLE,Centreville,MD,21617,1136.24
167,EVETTE,PERRY,986 LAMPERT CIRCLE,Capitol,VA,23207,124.75
168,WINIFRED,WOODWARD,594 QUEST CIRCLE,Prompton,PA,18456,2735.75
169,ROSS,LANG,1991 EASTWIND COURT,Higdon,AL,35979,1223.5
170,WILBER,MURPHY,901 GIDDEON CIRCLE,East Calais,VT,5640,3139.06
171,COREY,BURKETT,873 EAST 48TH AVENUE,Asher Glade,MD,21531,1258.93
172,DARREL,DWYER,1914 GLACIER LOOP ROAD,Savannah,GA,31401,15.28
173,INGRID,HARDY,479 WALDORF WOODS DRIVE,Enka Village,NC,28728,3509.31
174,DANIELA,MOON,1181 TOLSONA CIRCLE,Riley,IN,47871,684.82
175,DORCAS,DUNLAP,1157 BOWEN CIRCLE,Baton,NC,28630,1333.64
176,TRENTON,WINN,251 KIRBY PLACE,Mausdale,PA,17821,0
177,IGNACIO,HAGAN,1704 KALGIN STREET,Youngstown,OH,44599,0
178,RHONDA,STROUD,95 SNOWBIRD DRIVE,Pgh,PA,15204,0
179,SEAN,MAYBERRY,943 WHITE BIRCH LANE,Toledo,OH,43603,3411.9
180,KASSANDRA,OWENS,1173 SKOOKUM ROAD,Laurel Hollow,NY,11724,895.56
181,RICH,COKER,1156 RIDGELAKE CIRCLE,Fork,SC,29543,0
182,NILA,VALENCIA,1709 CAMAI CIRCLE,Cold Spring Highland Heights,KY,41076,394.39
183,AURORA,QUINONES,869 MORNING DRIVE,Putnam,VA,24260,691.34
184,DONG,MACIAS,265 SUNNY CIRCLE,Allred,TN,38542,443.37
185,IRVIN,SIZEMORE,1193 CHENA AVENUE,Rockville Center,NY,11571,3312.59
186,CARLTON,ROLAND,1067 CHUGIAK DRIVE,Audubon,NJ,8106,1672.7
187,DOTTIE,SEAY,1311 FALLOW CIRCLE,Vine Grove,KY,40175,0
188,LUANNE,GOODWIN,293 KIANA AVENUE,Pinegrove,AL,36507,1967.38
189,DELFINA,MCWILLIAMS,1453 JESTERS CIRCLE,Newton,MA,2195,381.77
190,DELMER,GRUBBS,1497 KING ARTHUR CIRCLE,Silver Spring,MD,20908,383.81
191,SHIRLEY,SPRAGUE,621 BAIRD CIRCLE,Leicester,NC,28748,1233.64
192,PHILIP,GOFF,1683 GLENKERRY CIRCLE,Hinmans Corners,NY,13905,1401.09
193,LAVON,CALHOUN,4 KIRK AVENUE,Wissinoming,PA,19135,0
194,JORGE,MILLER,1998 EAST PRINCE OF PEACE DRIVE,Brooklyn,NY,11230,1269.96
195,SHERRYL,KEENAN,442 DOLLY AVENUE,Wallis Run,PA,17771,0
196,DULCE,RICHTER,45 CRETE STREET,Alexandria,VA,22306,645.52
197,XAVIER,CARDENAS,1756 GILL WAY,Colesville,MD,20914,3737.9
198,IOLA,ALEXANDER,859 RIL WAY,Clayton,MI,49235,1215.58
199,SHERMAN,OTT,351 REEF PLACE,Sacandaga,NY,12134,1096.65
200,ANITA,CONKLIN,1044 CORAL REEF PLACE,Newton,MA,2195,1098.52
201,IMELDA,FIGUEROA,1413 GALATEA DRIVE,Mccordsville,IN,46055,1525.1
202,SELINA,TANNER,1352 ATKINSON DRIVE,Largo,FL,34649,1111.92
203,NICKOLAS,STACY,1916 REGINA CIRCLE,South Royalston,MA,1331,915.36
204,TITUS,MCCLURE,439 EMERALD DRIVE,Diamond,NY,13659,202.06
205,VERA,CALLAHAN,797 NORTHERN RAVEN DRIVE,Apple Valley,OH,43028,839.7
206,DENNY,CHANDLER,547 DIMOND D CIRCLE,Smithfield,WV,26437,567.85
207,MARILYN,SMALLWOOD,1169 MEADOW STREET,Old Orchard,MD,21228,2939.47
208,VILMA,DENNY,1520 ABBOTT ROAD,Green Lane,PA,18054,0
209,SIDNEY,CARR,570 CANTERBURY WAY,Wallingford,CT,6493,1990.51
210,JANNETTE,HARMON,620 KILOANA CIRCLE,Cinda,KY,41728,0
211,GERALD,CAUDILL,1622 NORTH BLISS STREET,Oswegatchie,NY,13670,0
212,HANNAH,JARRETT,1589 WEST 43RD AVENUE,Twin Branch,WV,24889,0
213,SAMMY,GALLAGHER,206 EAGLE STREET,Clearwater,SC,29822,1326.92
214,ROSEANN,THORPE,472 OXBOW CIRCLE,Bangor,PA,18010,0
215,CHARMAINE,BRYAN,1181 LAURENCE COURT,Lake City,GA,30260,3453.84
216,CATHI,PUCKETT,654 KALKA CIRCLE,Laurel Bay,SC,29902,675.43
217,TYRON,HOLLINGSWORTH,1863 TRAIL STREET,Alafaya,FL,32834,1029.4
218,LUPE,SANTANA,1292 WEST 70TH PLACE,Phenix City,AL,36867,1355.29
219,CATHI,WHITEHEAD,760 WOODCLIFF DRIVE,Huntsville,AL,35893,259.61
220,ABRAHAM,PLATT,1859 GINGER LEE DRIVE,Sharpes,FL,32959,2187.26
221,DALTON,STAPLES,673 SUGAR CIRCLE,New Lancaster,IN,46036,282.02
222,DARELL,HAGAN,1066 GINGER LEE DRIVE,Hecla,PA,17960,795.1
223,ALPHA,OSBORN,1850 W STREET,Eldora,NJ,8270,357.75
224,REID,BURNETTE,486 DICKSON ROAD,Knightdale,NC,27545,0
225,CHRISTI,CLARK,546 ANSEL CIRCLE,Prompton,PA,18456,1532.26
226,SHELBY,SALAS,486 SUSITNA VIEW COURT,North Tisbury,MA,2568,0
227,KATIE,HEARN,1726 MERE CIRCLE,Cabin Creek,WV,25035,3760.96
228,JAUNITA,FOOTE,58 ATLANTIS AVENUE,Pitt,PA,15209,1282.45
229,ERNESTINE,LOZANO,17 BEN COURT,Putnam,MD,21050,1050.75
230,MARCIE,CHILDERS,936 UNIVERSITY LAKE DRIVE,Susan,VA,23163,1786.51
231,ALYCIA,PECK,680 LINCOLN ELLSWORTH COURT,Berkshire,MA,1224,1163.29
232,HOPE,DAVID,640 CASPER COURT,Ludington,OH,43730,435.8
233,KORI,GILMORE,581 SPRUCE STREET,Alna,ME,4535,0
234,PALMER,VERA,1516 HILAND ROAD,Jacksonville,VT,5342,205.25
235,RUBY,RANKIN,1154 CONCORD LANE,Ridgeway,WV,25440,824.79
236,MASON,COLE,56 BIRCH RUN CIRCLE,Albany,NY,12244,0
237,HORTENSIA,KEYES,571 MARIA COURT,Port Byron,NY,13140,1118.62
238,ALVIN,MCLEOD,1168 BEULAH CIRCLE,Tampa,FL,33674,1000.86
239,MIMI,ONEAL,1760 DANNY CIRCLE,Lanham-Seabrook,MD,20703,572.15
240,ZONA,BARROW,1944 HIGHLAND RIDGE DRIVE,Lugoff,SC,29078,392.87
241,MOSES,LUNSFORD,185 COLUMBINE PLACE,Saltaire,NY,11706,0
242,SHELDON,HODGE,1517 PARKSIDE DRIVE,Tionesta,PA,16353,343.2
243,ISREAL,NOLAN,1677 AURIGA WAY,Era,OH,43143,786.53
244,XIOMARA,VASQUEZ,1962 MORNINGTIDE COURT,Jamboree,KY,41536,677.07
245,SHERRILL,YODER,882 NORM DRIVE,Warren,OH,44487,1914.74
246,CATHARINE,ROBLES,815 CEDRUS CIRCLE,Montgomery,PA,17752,1320.32
247,ISABEL,HORN,1554 MACKAY STREET,Montgomery Fy,PA,17074,333.59
248,ROXANNE,CONKLIN,228 NORTHPARK DRIVE,Argo Village,NY,11003,857.27
249,SAMMIE,DAHL,373 GREY WOLF CIRCLE,Showell,MD,21862,0
250,LONA,WILLARD,1521 CLARBERT COURT,Ettrick,VA,23803,284.02
251,CHRISTOPER,NGUYEN,972 KERRY LOOP,Copper Harbor,MI,49918,424.03
252,DANIELLA,GREENWOOD,546 GOLDEN SPRING CIRCLE,Christmas,MI,49862,284.47
253,NUMBERS,LOUIS,812 BUSINESS BOULEVARD,Delta,PA,17314,211.77
254,IRA,FERGUSON,1787 KICHATNA CIRCLE,Herold,WV,26601,838.33
255,CHANDRA,WALLER,266 FOXRIDGE CIRCLE,Cleveland,OH,44123,0
256,CRISTAL,OBRIEN,480 KUTCHER DRIVE,Arlington,VA,22206,669.96
257,DARLENE,OCONNOR,80 DICKSON ROAD,Union,OH,45322,0
258,THEODORA,MEJIA,448 SKI ROAD,Squirrel Hill,PA,15217,1935.91
259,SHELBY,STARK,370 ALDER DRIVE,Sissonville,WV,25320,610.39
260,MARLIN,GATES,511 GEMINI DRIVE,Loveland,OH,45140,0
261,AUBREY,YARBROUGH,1637 KELSAN CIRCLE,Florence Villa,FL,33880,839.15
262,PHYLISS,KAISER,1468 TERRACE HILLS DRIVE,Parkville,MD,21234,1088.22
263,KEELY,MURPHY,1765 GLENKERRY CIRCLE,Bovina,NY,13740,1090.32
264,LANA,PAYTON,596 JOYCE ROAD,Buckland,MA,1338,1000.64
265,CLINT,ROBBINS,1610 BERN STREET,Mount Ulla,NC,28125,3340.93
266,MELODY,ARELLANO,837 C STREET,Duncansville,PA,16635,747.9
267,FELECIA,KEYES,1269 ELLEN CIRCLE,Rootstown,OH,44272,328.78
268,CARY,GALLOWAY,1222 CAMPBELL TERRACE DRIVE,Niagara,NY,14300,0
269,JOSEPHINA,MAURER,1769 LOWER DEVILS END DRIVE,Arnoldtown,MD,21718,353.93
270,TOSHA,CLEVELAND,244 SEWARD SB OFF DIMOND RAMP,Hartford,CT,6126,648.64
271,SUNG,MCBRIDE,608 CONSTITUTION CIRCLE,Sunnymede Woods,IN,46803,0
272,MORRIS,NICHOLS,1432 WEST 94TH COURT,Hartsfield,PA,16930,0
273,TAMARA,MAXWELL,420 ASKELAND DRIVE,Palmers Crossing,MS,39401,826.9
274,ANTOINETTE,CONNER,1567 RIO GRANDE ROAD,Bellefontaine,OH,43311,1524.23
275,SANDY,MATOS,1007 FERNDALE STREET,Little York,NJ,8834,1565.58
276,BERNARD,BARAJAS,758 CAMINO PLACE,South Acworth,NH,3607,1798.43
277,ELLA,BOUCHARD,1068 JOANNE CIRCLE,Chamblee,GA,30341,341.17
278,HAYLEY,PAGE,1909 BIRCH LANE,Suffolk,VA,23439,409.84
279,ALLEN,DARLING,132 CAMDEN CIRCLE,Cordova,SC,29039,852.33
280,EMILIO,KIDD,79 YOSEMITE DRIVE,South Nineveh,NY,13787,0
281,TAMELA,GUIDRY,1873 BAXTER ROAD,Brooklyn,NY,11252,2086.3
282,HILARIO,JACKSON,1536 JEM CIRCLE,Olaton,KY,42361,0
283,WILFREDO,OAKES,1226 NORTH SHORE DRIVE,Arnold,MD,21012,1725.33
284,VAN,LOCKE,133 EAST 46TH PLACE,Hamilton,MD,21214,0
285,JOVITA,AYERS,1570 CAPLINA DRIVE,Rockholds,KY,40759,0
286,JEANNE,STEINER,1974 SCHUSS DRIVE,Carrollton,AL,35447,226.4
287,ALESHA,CALHOUN,1298 CRETE STREET,Tiverton,RI,2878,74.33
288,SHELBY,THAYER,1634 RUANE ROAD,Bordeaux,SC,29835,1277.38
289,JACINTO,RIVERA,1744 EULA STREET,Philadelphia,PA,19255,1903.28
290,GRACIELA,TODD,609 HARICOT DRIVE,Monroe,ME,4951,0
291,WILLY,BRIGGS,512 UNION SQUARE DRIVE,Elizabeth City,NC,27906,290.86
292,VALARIE,DILLARD,1883 LINDSEY DRIVE,Wheatfield,IN,46392,0
293,CLAIR,ERICKSON,1776 CHUGIAK DRIVE,Herndon,VA,22095,0
294,AURELIA,BARTLETT,1800 O PLACE,Fernville,VT,5733,2785.44
295,DORTHY,AUSTIN,829 BIG BEND LOOP,Diamond Shamrock,AL,36614,1289.58
296,JOVITA,PRATT,1586 HAMPTON CIRCLE,Snug Harbor,MA,2331,0
297,SOON,CONNOR,1738 MAUSEL STREET,Gleason,TN,38229,2645.14
298,EARL,ENRIQUEZ,1545 IRENE WAY,Wadmalaw Island,SC,29487,1484.02
299,CATALINA,WEAVER,1116 WEST 86TH AVENUE,Jonesborough,TN,37659,842.7
300,LUCIANO,KERNS,585 WESTERN DRIVE,Davie,FL,33332,1275.45
301,BRIDGET,WILLIAMSON,1272 TETLIN STREET,South Bend,IN,46614,328.63
302,SHIRLENE,FITCH,949 NORTH EAGLE RIVER ACCESS ROAD,Mount Aetna,PA,19544,2046.31
303,ROCHELLE,BUCHANAN,1405 KINCAID ESTATES DRIVE,Sunnycrest,MS,38901,1024.5
304,GERTRUDE,CONNORS,1042 PLEASANT DRIVE,Georgiana,AL,36033,0
305,VIVIANA,CRUM,986 LOWER TERRACE,Manchester Township,NJ,8733,426.3
306,WARD,FREDERICK,1705 BANFF STREET,High Shoals,GA,30645,96.59
307,PHILLIS,MATOS,1882 WEST 62ND AVENUE,Minerva,KY,41062,318.68
308,JESICA,VEGA,1249 JASMINE ROAD,South Road,NY,12601,0
309,DUSTY,MEYERS,1928 WEST 86TH AVENUE,Parchment,MI,49004,3332.86
310,EDIE,EASON,1610 VALLEY PARK DRIVE,Antietam,MD,21782,2708.99
311,ISAAC,HICKS,562 PAGO PAGO AVENUE,Park,IN,47424,676.73
312,ZENA,YU,1713 DORINDA DRIVE,Sardis,OH,43946,855.76
313,MALISSA,MEAD,1932 EAST 41ST COURT,Centralia,WV,26612,769.77
314,EDGARDO,ONEIL,657 MULDOON CIRCLE,Royal City,VA,24614,1194.99
315,LAVERNE,HAINES,1959 ENDEAVOR CIRCLE,Troy,MS,38863,493.35
316,ELMIRA,VOGT,1869 CHASEWOOD LANE,Mancelona,MI,49659,2726.39
317,RICHARD,VINCENT,553 CIMARRON LOOP,Hanover,PA,17331,4061.71
318,MARSHALL,GODFREY,1771 WEST 12TH AVENUE,Letart Falls,OH,45771,274.81
319,CLEO,MORA,108 WILL ROGERS PLACE,Fara Park,NY,11757,742.39
320,ADALBERTO,HANKS,1629 CAMPBELL TERRACE PLACE,Poland Spring,ME,4274,2262.27
321,DONA,KEENE,1511 GLENN SB OFF VOYLES RAMP,Pond Eddy,NY,12770,0
322,TONJA,KENNEDY,909 JILL PLACE,Napoleon,MI,49261,454.65
323,BRAIN,HAHN,903 BONANZA DRIVE,Maizeville,PA,17934,450.89
324,CLEMENTINE,FRENCH,1700 CASTNER CIRCLE,Fort Lauderdale,FL,33336,871.93
325,NORMAN,HEWITT,923 WOODWAY DRIVE,Harbor Heights Park,NY,11743,432.52
326,HOUSTON,MEANS,816 EAST 48TH AVENUE,Shankville,MD,21711,896.28
327,GREGG,ODOM,633 FIRE EAGLE WAY,Ingle,KY,42544,1043.8
328,MALCOLM,DOVE,1088 GLEN ALPS ROAD,West Ronkonkoma,NY,11779,337.07
329,JOSIE,BOYCE,1425 MEADOW CANYON DRIVE,Symmes Township,OH,45140,735.49
330,DEDRA,BYERS,1111 SAPPHIRE LOOP,Paris,PA,15021,1134.89
331,LAURETTA,CHATMAN,1635 SUMMER MIST COURT,Burkeville,VA,23922,2882.41
332,REYNA,GALLAGHER,1518 BOTANICAL HEIGHTS CIRCLE,East Saint Johnsbury,VT,5838,0
333,LESSIE,DILLON,697 CRAIGER COURT,Algonac,MI,48001,0
334,MARRY,ELLIOT,414 TIMBERWOLF CIRCLE,Franklin Square,NY,11010,430.82
335,TANGELA,KAUFFMAN,537 ASPEN ROAD,West Salisbury,VT,5769,1268.68
336,LUANN,XIONG,1915 TANGLEWOOD DRIVE,Pinetown,NC,27865,0
337,JOAN,LONG,1729 ENCORE CIRCLE,Catasauqua,PA,18032,1878.27
338,WILMA,DUTTON,1593 NORTH CHICHAGOF LOOP,Centerpoint,OH,45656,711.4
339,KRISTAL,VERA,335 PRINCETON WAY,Flushing,NY,11375,0
340,MARCIA,BURRIS,681 TIDEWATER ROAD,N Bellport,NY,11713,1665.97
341,TERI,SILVA,1770 FALL LEAF CIRCLE,Moline,OH,43465,270.81
342,ALICE,NEELY,22 TIFFIN CIRCLE,Pittsburgh,PA,15225,1785.9
343,STANFORD,WALLACE,521 MICHEAL COURT,New Harrisburg,OH,44615,1469.05
344,KENNY,JUDD,541 LITTLE BEND CIRCLE,Saint Petersburg,FL,33739,0
345,EVIE,KNAPP,1409 PREUSS BOULEVARD,Sheridan,ME,4775,0
346,SHERRILL,FARMER,1771 KIANA CIRCLE,Pope A F B,NC,28308,0
347,MARYELLEN,DALTON,1125 BLACKBURN COURT,Huntington,WV,25727,0
348,VIRGIE,EDWARDS,596 LIST CIRCLE,Rebuck,PA,17867,2681.85
349,GAYLE,LEVINE,660 WOLF CREEK DRIVE,West Wildwood,NJ,8260,480.75
350,ELSA,CUNNINGHAM,640 CASPIAN COURT,Battletown,KY,40104,2887.46
351,GAYLE,CHU,1604 BIRCH CREEK DRIVE,Delawanna,NJ,7014,673.93
352,GALE,WALTON,1260 CARMEL CIRCLE,Hummels Wharf,PA,17831,922.54
353,META,BISHOP,320 GLENN NB ON MULDOON RAMP,Santa Fe,FL,32615,790.97
354,JOSEPHINA,ROBLES,1262 ESSEX PARK DRIVE,Point Pleasant,PA,18950,574.31
355,OREN,AGUILAR,1082 LANDMARK COURT,Cold Spring,NJ,8204,613.44
356,ADRIENNE,MANUEL,1683 RICHARDSON DRIVE,Goodman,MS,39079,0
357,ALICIA,CAMP,228 BIG MOUNTAIN DRIVE,W Htfd,CT,6107,493.5
358,BRET,ZUNIGA,335 RHONE CIRCLE,Edgewood,NY,11717,3000.7
359,BERNICE,EDDY,280 CORONA CIRCLE,South Kent,CT,6785,9.99
360,LAURI,LONG,1520 TAYLOR STREET,Evarts,KY,40828,270.26
361,LYDIA,CHRISTIE,238 CHARITY CIRCLE,Boston,MA,2211,630
362,RUDY,SNOW,1705 EAST 3RD AVENUE,Cheesetown,PA,17201,0
363,DANIEL,LOVE,1825 EAST 140TH AVENUE,Melbourne,FL,32935,3260.36
364,DELLA,MAYO,543 STELIOS CIRCLE,Birmingham,AL,35214,375.47
365,ERIKA,BURGESS,1023 BIRCH PARK CIRCLE,N Charleston,SC,29411,966.97
366,BRYANT,MELTON,1339 TRANQUILLITY LOOP,Alford,MA,1230,150.91
367,HOLLIS,STILES,1493 DOLLY MADISON CIRCLE,Snow Hill,AL,36778,534.75
368,SAMANTHA,SYKES,712 LOCARNO DRIVE,Vineland,NJ,8360,370.92
369,ROLLAND,MILLS,1394 BLACKBURN COURT,Atlanta,GA,31106,1228.35
370,KAMI,SANDERS,1649 SPRUCE VIEW LOOP,Haddonfield,NJ,8033,255.53
371,KRISTINE,LONG,1198 STARNER STREET,Smyrna,NY,13464,424.74
372,DENNY,WATERS,1465 SPENARD ROAD,South Lincoln,VT,5443,0
373,GISELE,HUBBARD,984 WRANGLERS WAY,Onley,VA,23418,426.48
374,WYNONA,RANSOM,1757 WEST 2ND AVENUE,Rockhill Furnace,PA,17249,0
375,JONAS,HOSKINS,74 WHISPERING BIRCH DRIVE,Boulevard,NY,10474,1974.36
376,QUINN,HURD,377 BROOKWAY CIRCLE,Freetown Corners,NY,13803,0
377,DARON,MATOS,1431 BUNN STREET,Euclid,OH,44119,0
378,LEOPOLDO,SLAUGHTER,55 SOUTH FORK ROAD,Inverness,MS,38753,2627.33
379,GRISELDA,MADDEN,312 EAST 162ND AVENUE,Bearsville,NY,12409,1021.72
380,ALBINA,ENGLE,670 UPPER BOWERY LANE,Clanton,AL,35045,124.02
381,LAKESHIA,TURNER,1678 WILSON STREET,Lancaster,SC,29721,240.43
382,JAMAL,BROOKS,1242 GENEVE AVENUE,Grandview,NY,10960,1344.15
383,MARC,HEALY,190 WEST 40TH AVENUE,Harmon,OH,44662,2279.13
384,PATRICA,EDDY,765 TANYA CIRCLE,Blacklick,OH,43099,344.31
385,ILEANA,PERSON,1104 BRENDL WAY,Jasper,IN,47546,535.66
386,KAREN,LEVINE,1534 PALMER COURT,Cincinnati,OH,45218,1058.14
387,IRIS,BARRY,1557 BRIGHTON ROAD,Newark,DE,19713,0
388,OLLIE,MCCARTY,1097 BENDING BIRCH DRIVE,Muttontown,NY,11545,1390.67
389,MELBA,RATLIFF,113 GIBSTAY CIRCLE,Osborn,KY,41635,2510.4
390,LOUELLA,MANSFIELD,384 WILLS WAY,Hayes,VA,23072,0
391,KARINA,LANGFORD,1235 TOWNE COURT,Eighty Eight,KY,42130,820.69
392,GALEN,BETTS,1562 EAST 98TH AVENUE,Hosford,FL,32334,602.94
393,FOSTER,BERNAL,1299 EAST 3RD AVENUE,Birmingham,AL,35280,0
394,JENNIE,ELLIOT,36 SUMMER DRIVE,South Newfane,VT,5351,0
395,TEDDY,MICHEL,760 ALTOONA DRIVE,Northside,FL,33805,2867.57
396,DINO,GREGG,896 HOMER DRIVE,Charleston,WV,25321,0
397,SHANTELL,MAURER,136 DELONG DRIVE,Clyde,NY,14433,0
398,ARON,CUNNINGHAM,1834 BOULDER CIRCLE,Greenlawn,NY,11740,0
399,ROSALIA,KELLY,1548 IRIS STREET,Imlay City,MI,48444,1309.05
400,ALICIA,FLETCHER,731 PINNACLE CIRCLE,Franklin,MD,21223,376.35
401,HERMELINDA,CAMPBELL,468 BREEZE COURT,Yankee Springs,MI,49333,454.33
402,KEVEN,FAULKNER,365 POTLATCH CIRCLE,Barnett,VA,24266,1033.58
403,PHYLIS,PADGETT,539 PRINCETON WAY,Chas,SC,29405,257.01
404,VERN,IVEY,1167 KALGIN STREET,Pleasant Plain,OH,45162,384.5
405,ROBIN,GRUBBS,142 HAYES STREET,Forbes Road,PA,15633,733.77
406,MARCELLE,VAZQUEZ,1379 SININA CIRCLE,Totowa Boro,NJ,7512,0
407,JEANNETTE,DANIEL,470 OLSON CIRCLE,Kissimmee,PA,17842,1188.64
408,DARNELL,ROSAS,1751 CRESCENT DRIVE,Corsica,PA,15829,0
409,KYLA,HELTON,152 EAGLE PLACE LOOP,Flint,MI,48501,0
410,SHANNA,CLINTON,641 WISTERIA STREET,Lake Stockholm,NJ,7460,0
411,DELORES,GAY,447 COVILLE STREET,Landover,MD,20785,522.04
412,SHERON,ORTIZ,1172 HILLCREST DRIVE,Bradenton,FL,34281,0
413,CHAROLETTE,BOWMAN,1792 TEAL LOOP,Gaines,PA,16921,2348.81
414,KRISTOFER,MCLEAN,652 EAST 149TH AVENUE,Pittsburgh,PA,15223,3462.85
415,CASEY,ROBBINS,540 EAGLEWOOD DRIVE,Shartlesville,PA,19554,1163
416,TATIANA,HOWE,1650 ALL STAR CIRCLE,Sunny South,AL,36769,868.78
417,MARIAM,MCDONALD,130 GOSLING CIRCLE,Eagle Mills,NY,12180,863.28
418,GERALYN,DORAN,148 RAVEN LOOP ROAD,Piney Hill,MD,21111,643.87
419,ALEJANDRO,RUCKER,1514 PLYMOUTH CIRCLE,Cogdell,GA,31634,2315.5
420,CECELIA,ARNOLD,747 EAST 113TH AVENUE,South Bend,IN,46680,2392.59
421,PARIS,GOLDBERG,1729 TEMPLE DRIVE,Temperance,MI,48182,0
422,BERNITA,RUSHING,194 MALASPINA STREET,Pages Beach,MA,1430,191.4
423,KYLEE,GOLDBERG,1401 WINDFLOWER CIRCLE,Crofton,MD,21114,0
424,SHARYN,ROSS,871 STARGATE CIRCLE,Forsyth,NY,14775,2436.6
425,ROYCE,PUTNAM,497 ADAMS CIRCLE,Canton,OH,44712,1096.03
426,BRIGITTE,CRANDALL,239 G STREET,Paradise,PA,17562,0
427,VALARIE,MAYNARD,606 MEADOW STREET,Winston-Salem,NC,27116,728.8
428,VINA,FRANCIS,684 SNOW CREST LANE,Holder,FL,34445,0
429,EMILIE,PEACOCK,199 GROUSE DRIVE,New Waverly,IN,46961,520.84
430,ROSAURA,SCHNEIDER,1889 WEST LAKE DRIVE,Raleigh,NC,27676,708.08
431,IRENA,BUCKLEY,1917 EAST 47TH COURT,Virginia Beach,VA,23462,430.17
432,CLYDE,MAYFIELD,407 CARLOS COURT,Kulp,PA,17820,0
433,SHERIE,STOVER,640 MOUNTAIN VIEW DRIVE,Parksville,KY,40464,0
434,ALEXIS,CULVER,31 BIRCH TRAIL CIRCLE,Houtzdale,PA,16651,295.4
435,GLORIA,AMBROSE,1480 GLENN SB OFF LAKE HILL RAMP,Charleston,WV,25330,840.29
436,AARON,PACE,1186 TINA STREET,Sweezytown,NY,11980,2359.63
437,HILTON,MATTHEWS,1682 CHEVIGNY STREET,New Ringgold,PA,17960,0
438,RENEE,FUNK,922 DE HAVILLAND AVENUE,Aquasco,MD,20608,0
439,WANDA,RANSOM,1652 WEST KANAGA LOOP,New York,NY,10039,1863.2
440,GEORGINA,GASTON,920 MAYWOOD CIRCLE,Dellrose,TN,38449,21.99
441,ANGELINA,WILKERSON,256 BARON DRIVE,Winifred,KY,41219,762.3
442,ROCCO,OBRIEN,381 SNOWCUP CIRCLE,Purgitsville,WV,26852,459.61
443,TOMMY,EGAN,316 SCORPIO CIRCLE,Egypt,OH,43713,271.8
444,KORY,KHAN,807 F STREET,Valpo,IN,46383,627.46
445,WILMA,CRAIG,451 COMMERCE STREET,West Point,NY,10997,0
446,FRANCISCO,CALLAHAN,918 EAST 38TH AVENUE,Gaithersburg,MD,20886,40.08
447,LUPITA,SINGLETON,1917 SAINT LAZARIA CIRCLE,Flushing,NY,11371,0
448,ABDUL,BRAND,1917 WINNERS CIRCLE,South Lincoln,MA,1773,133.84
449,DUSTIN,FARRIS,1270 WHIMBREL DRIVE,Adamsville,RI,2801,356.59
450,EMILIO,DALTON,1714 PROVIDENCE DRIVE,Frankford,DE,19945,187.92
451,ARTIE,WEIR,840 SCENIC VIEW DRIVE,Lakewood,NY,14750,2941.5
452,DIRK,GRAY,1662 STEWART DRIVE,Lincklaen,NY,13052,90.14
453,JONI,WHITT,1736 VAIL DRIVE,Pantigo,NY,11937,0
454,LAUREEN,MCNAMARA,1600 SHEBANOF AVENUE,Orlando,FL,32857,712.47
455,ARLINE,HARTMAN,527 EAST 155TH AVENUE,Winston Salem,NC,27104,0
456,RAFAEL,WALKER,651 PERENOSA BAY DRIVE,Thatcher,OH,43113,0
457,SHAUNA,WERNER,784 PEPPERTREE LOOP,Vicksburg,IN,47441,0
458,ELOISA,VALLE,182 BRANDON STREET,Abel,AL,36258,547.53
459,EDWIN,RAMEY,174 TRAPLINE CIRCLE,Grahamtown,MD,21532,295.98
460,SOFIA,FORD,843 LORETTA STREET,Litchfield,CT,6759,0
461,FERN,POWERS,1619 NEW SEWARD HIGHWAY,Pgh,PA,15235,179.4
462,CORRINA,LUGO,114 GALENA CIRCLE,Tams,WV,25921,0
463,SADIE,CASSIDY,1617 BENZ CIRCLE,Hawthorne,NY,10532,0
464,PATSY,HARRISON,1171 COPPER MOUNTAIN CIRCLE,Lakeville,MA,2347,1982.4
465,MARGOT,ANDRADE,1173 ECHO STREET,Pinebluff,NC,28373,1830.04
466,BRITNEY,BOWERS,1562 ELLEN AVENUE,Pacolet,SC,29372,0
467,PHOEBE,MINER,830 DISCOVERY HEIGHTS CIRCLE,Olivia,NC,28368,0
468,LOTTIE,FIGUEROA,341 SOUTHWIND CIRCLE,Spring Hope,NC,27882,1359.91
469,GREGORY,BOYLE,485 JENNIFER CIRCLE,Elkland,PA,16920,103.47
470,JULIAN,SEYMOUR,147 CRABTREE LANE,Ashland,ME,4759,1141.85
471,PHYLISS,KANE,8 CHAFFEE CIRCLE,Portland,IN,47371,664.26
472,EVETTE,JAMISON,1283 MAX CIRCLE,Fort Myers,FL,33903,0
473,SHASTA,AMOS,1852 LITTLE BEND CIRCLE,Ridgeway,CT,6905,647.42
474,KENYATTA,LEON,1690 PULLEN CIRCLE,Stryker,OH,43557,180.72
475,STELLA,BASS,1547 EAST 17TH AVENUE,Pompano Beach,FL,33063,755.16
476,ODELL,HOPPER,1218 SHELLI DRIVE,Capels,WV,24820,0
477,RANDELL,SEGURA,827 CHARING CROSS CIRCLE,Camp Johnson,VT,5446,873.94
478,ZELLA,GOLDMAN,403 GENORA STREET,Saint Augustine Beach,FL,32086,1085.42
479,CATHLEEN,WHITMAN,1712 NORTHFIELD DRIVE,Marshallville,GA,31057,834.83
480,CLARK,KIDD,506 EAST 71ST AVENUE,Blounts Creek,NC,27814,0
481,MILAN,PARRA,1152 HOME PLACE,Needmore,PA,17238,427.79
482,SEAN,VOGT,180 KNOWLES CIRCLE,Latrobe,PA,15650,451.09
483,DALIA,GOODMAN,1823 BEACHVIEW PLACE,Miami,FL,33013,1090.09
484,OLIVIA,CARMICHAEL,1204 MATTHEWS DRIVE,Orchard Hill,GA,30266,2400.29
485,DARLINE,VENTURA,1168 RICHARD EVELYN BYRD STREET,Pittston,PA,18641,774.43
486,LEE,MCGHEE,1135 DELRIDGE CIRCLE,Fairdale,PA,15320,1094.5
487,ROSENDO,REYNA,1009 HAMPSHIRE BOULEVARD,Gunter Afs-Eci,AL,36118,0
488,GLORY,REILLY,789 SUNSTONE CIRCLE,Tribes Hill,NY,12177,856.04
489,MARINA,HILTON,1772 RHONE STREET,Jackson,PA,18825,1853.07
490,VELIA,STERN,112 BETULA DRIVE,Fechtig,SC,29916,478.54
491,LAKEISHA,BRUCE,1792 INDIANA STREET,Fairdale,PA,15320,192.88
492,MOLLIE,STALLINGS,1149 HERITAGE PLACE,Union,WV,24983,0
493,SOPHIE,CRANDALL,1806 HIGHLAND PARK AVENUE,Needham Heights,MA,2194,1229.59
494,SHAMIKA,HAM,584 ESHAMY BAY DRIVE,Culpeper,VA,22701,0
495,DUDLEY,HAMMOND,1502 ENGLAND CIRCLE,Seney,MI,49883,95.33
496,ANGELIA,RANKIN,447 GULF CIRCLE,Rochester,NY,14642,729.58
497,TERESITA,LOVE,1499 EASTHAVEN CIRCLE,Iron City,TN,38463,797.42
498,GERARD,HARE,1253 GALENA BAY LOOP,Soldier,KY,41173,1911.29
499,JERRI,BLAIR,489 BRIDGESTONE COURT,Adelphi,OH,43101,1101.57
500,DAMARIS,PAUL,310 SEAWIND DRIVE,Plantation,FL,33318,490.92
501,BRENDON,HARDEN,1242 BROWNIE DRIVE,Point Farm,VT,5458,506.87
502,ENRIQUE,KNUTSON,877 CHARLOTTE PLACE,Riverdale,MD,20797,658.7
503,JEANNA,KAPLAN,1603 PORSCHE STREET,Brownstown,PA,17508,414.1
504,EUNICE,LEBLANC,1104 MERRILL FIELD DRIVE,Spencer Mountain,NC,28054,2623.31
505,EULALIA,SINGH,1876 WEST 73RD CIRCLE,Nelse,KY,41550,0
506,SUN,MCKENZIE,760 THIEL CIRCLE,Kings Grove,MD,21529,359.36
507,TREVA,YOUNG,1004 GRIZZLY LANE,Saint Marys,IN,46808,3081.46
508,WHITNEY,MCCARTY,554 KARLUK STREET,Tyringham,MA,1264,0
509,ELTON,DOOLEY,796 HILLSIDE WAY,Northfield,MA,1360,0
510,ZELDA,BATES,1078 WEST 71ST COURT,New Haven,IN,46774,1360.28
511,CHRISTEN,ASH,1817 MARY ESTHER DRIVE,Jacinto,MS,38865,0
512,JETTIE,CHURCH,1427 WINDFLOWER STREET,Oella,MD,21043,533.5
513,KURTIS,FUNK,1418 INLET PLACE,Marsh,PA,19520,0
514,JEANNETTE,JORDAN,1671 MAYWOOD CIRCLE,Ely,VT,5045,0
515,BLAINE,BLACKBURN,824 PUMA DRIVE,Albion,NJ,8009,643.14
516,TERENCE,PAULSON,1828 STEWART MOUNTAIN DRIVE,Ewing Township,NJ,8628,0
517,DENVER,WOLFE,1519 SEWARD HIGHWAY,Pocono Summit,PA,18346,303.64
518,DANILO,SANCHEZ,884 FAWN COURT,Ashville,PA,16613,229
519,HANK,BERGMAN,1537 UPPER TERRACE STREET,East Salem,PA,17059,1061.58
520,NATHAN,NADEAU,433 SPRING COURT,Tampa,FL,33634,302.48
521,MELLISSA,WASHINGTON,1783 SIERRA MESA CIRCLE,Harrison,PA,16927,518.2
522,ALBERTA,LYON,276 LAVERNE PLACE,Welcome,NY,13810,390.13
523,JULIETA,BUSBY,1303 KASKANAK DRIVE,Mableton,GA,30059,819.11
524,LETHA,LONGORIA,827 SHARON GAGNON LANE,Raleigh,NC,27614,0
525,CLINTON,BOWDEN,1228 YELLOWSTONE DRIVE,Garrard,KY,40941,0
526,NICK,STEIN,992 LOCARNO DRIVE,Cambra,PA,18611,681.3
527,LON,SLOAN,253 SHADY BIRCH PLACE,Marshville,NY,13317,0
528,ANTOINE,HURD,1086 ALPENHORN AVENUE,Macy,IN,46951,33.17
529,LAWRENCE,ASH,105 GILL WAY,East Shoals,IN,47581,618.58
530,EDNA,ARROYO,842 EAST HENKINS ROAD,Calvary,GA,31729,410.45
531,EMMITT,THORPE,1987 EAST LOOP ROAD,Perkinsville,VT,5151,19.99
532,MADONNA,SHELTON,679 MOUNT MC KINLEY VIEW DRIVE,North Miami,FL,33169,2228.41
533,NATHANAEL,BRUNER,327 NEWCASTLE WAY,Sunapee,NH,3782,0
534,INDIA,KRAMER,728 CURLEW CIRCLE,Joliett,PA,17981,0
535,JULIO,BRITT,692 CHILKAT COURT,Cross Fork,PA,17729,0
536,TAYLOR,BAXTER,750 PUSSYWILLOW STREET,Huntington,WV,25721,715.04
537,BERT,ROBERSON,1482 LAURA LEE CIRCLE,Alpha,NJ,8865,1407.04
538,CHIQUITA,CALDWELL,1501 BRIGGS COURT,Normal,AL,35762,1456.9
539,WILFORD,HINTON,1688 NORM CIRCLE,Bowling Green,IN,47833,2416.15
540,INGE,SAENZ,534 MINERAL CIRCLE,Abbot Village,ME,4406,772.74
541,CLIFTON,GIBBONS,1990 UPPER TULWAR LOOP,Roseland,IN,46637,443.5
542,SAMMY,SALTER,128 KNOLL CIRCLE,Philadelphia,PA,19123,428.34
543,KRISTEN,FERNANDEZ,735 STEPHAN VALLEY DRIVE,Hardwick,GA,31034,2754.39
544,DEB,HOLMAN,1598 CHEROKEE COURT,Glens Falls,NY,12801,0
545,BOBBY,SHEARER,1921 WOODS POINTE CIRCLE,Big Springs,OH,43347,425.9
546,DEANDRE,JAMISON,1571 HANES STREET,Miami,FL,33169,2980.01
547,LASHANDA,MULLER,1085 ECHO DRIVE,Jackson,MS,39215,0
548,HOUSTON,HAWKINS,1522 NORTH KLATT ROAD,Saint Marys,IN,46818,0
549,RODRIGO,OBRIEN,499 CEDAR WOODS CIRCLE,North Valley Stream,NY,11580,677.45
550,PATRICA,RYAN,359 UPPER LOWLAND AVENUE,Hillsboro,OH,45133,0
551,DOREEN,HANLEY,90 WHITE DRIVE,Strongs,MS,39730,1077
552,SCOTT,GOODRICH,486 HAMMOND ROAD,Colonial Bch,VA,22443,0
553,JAYME,LOCKWOOD,194 GROUSE DRIVE,Conklin,MI,49403,0
554,JAMAL,CROWDER,776 CAREER CENTER DRIVE,Bristol,CT,6010,0
555,JERALD,PRICE,819 LEGACY DRIVE,Killingly,CT,6239,904.9
556,LINNEA,HATFIELD,1743 MESA PLACE,Dayville,CT,6241,0
557,ANGEL,PONCE,1895 MINNESOTA SB OFF DIMOND RAMP,Cedar Mountain,NC,28718,1720.74
558,STEPHENIE,MCKENZIE,1039 DELAWARE PLACE,Wilkes Barre,PA,18763,0
559,RUBY,MCMILLAN,266 OLIVIA DRIVE,Ridgemede,IN,47401,440.93
560,ALIDA,ROMAN,1769 SOUTHPARK LOOP,Pittsburgh,PA,15226,0
561,LENARD,MEAD,252 KINGSTON DRIVE,Canaan,IN,47224,0
562,AMBROSE,HAMPTON,1605 DAVID LANE,Essex,MD,21221,419.1
563,ADELAIDA,FOOTE,1354 HOLLYBERRY CIRCLE,Columbus,OH,43291,0
564,FERN,PALMER,501 LYVONA LANE,Brant Beach,NJ,8008,463.09
565,ASHTON,JOHNSTON,1489 TRAPPERS TRAIL ROAD,Fairfield,TN,38558,604.98
566,ENRIQUETA,PENDLETON,424 CHILTON DRIVE,Nutting Lake,MA,1865,0
567,JOLEEN,DELEON,1438 KAILYARD STREET,Senoia,GA,30276,0
568,TAWANNA,ARREDONDO,1317 WESLEYAN DRIVE,Trout Dale,VA,24378,101.89
569,ROWENA,TANNER,1728 SUNSET BEND CIRCLE,Shimpstown,PA,17236,0
570,SHEILA,PHELPS,1370 OWHAT CIRCLE,Pittsgrove,NJ,8318,0
571,JUSTIN,YANG,722 CUTWATER COURT,Leonardtown,MD,20697,1525.82
572,CAROLE,DREW,846 IRONWOOD PLACE,Tell City,IN,47586,0
573,HAL,WILLARD,908 SARA LYNN PLACE,East Falmouth,MA,2536,754.32
574,ROSALBA,STERN,1910 ASHLEY CIRCLE,Kennett Square,PA,19348,0
575,CHEYENNE,PECK,245 MARLOWE AVENUE,Wellesley,MA,2181,475.15
576,MODESTA,FRAZIER,1264 CRESCENT DRIVE,Neptune,NJ,7754,0
577,NADINE,GIBSON,622 SUNDI WAY,Harrington,ME,4643,5.59
578,CARLOS,MCGEE,1667 GIBSTAY CIRCLE,Glenmoore,PA,19343,2714.93
579,LATOYA,MEDEIROS,1610 EAST 35TH AVENUE,Grand Rapids,MI,49518,1172.43
580,ALANNA,BAUER,1613 LEXINGTON AVENUE,Faxon,PA,17701,416.98
581,BONITA,BEAVER,1715 LORETTA PLACE,Indianapolis,IN,46283,0
582,MERCEDES,PETTY,1589 WINSTON PLACE,Princeville,NC,27886,449.88
583,LAWERENCE,REDMOND,287 TALISMAN ROAD,Stephentown,NY,12169,2258.7
584,DORTHA,WYNN,596 WASHINGTON CIRCLE,New Haven Jct,VT,5472,44.37
585,LORRAINE,HANNAH,173 LAUREL STREET,Orange Beach,AL,36561,0
586,KYLA,DAVID,1296 GREEN DRIVE,Burlingham,NY,12722,819.36
587,FREDDIE,KELLY,420 WEST 17TH AVENUE,Hazlehurst,GA,31539,0
588,IDELLA,BRANTLEY,1362 WATERS DRIVE,Gateway Shopping Center,IN,47374,810.77
589,MARGARETTE,GAY,5 TELDER STREET,Cushing Island,ME,4109,0
590,LORENZO,MCCULLOUGH,1317 ZODIAK DRIVE,Miquon,PA,19452,2479.63
591,TILLIE,MCGOWAN,152 GROH STREET,East Hartford,CT,6138,0
592,VALENTINE,ABEL,1407 CORONA CIRCLE,Coburn,PA,16832,0
593,BETTINA,FRASER,1418 NEPTUNE COURT,Alpha,NJ,8865,302.03
594,DOTTIE,HEALY,1427 BONNIE WAY,Muddy Creek Forks,PA,17302,0
595,MARLON,ROSEN,1399 COTTONWOOD STREET,Norris,TN,37828,752.73
596,GLADYS,DONALDSON,82 DONINGTON DRIVE,Water Valley,KY,42085,471.59
597,FANNY,COVINGTON,115 COURAGE DRIVE,Bausman,PA,17504,0
598,EVELIA,OSBORN,1750 CHUGACH VIEW DRIVE,Arlington,VA,22214,749.21
599,META,MILTON,1781 EAST 75TH AVENUE,Newport,RI,2841,142.27
600,DEBBIE,CHEN,1331 CHANDALAR STREET,Warren,NY,13439,67.13
601,LON,ACEVEDO,1549 DOWNHILL CIRCLE,Eagle Lake,FL,33839,348.23
602,LENORA,TRAN,1907 BONANZA DRIVE,Whitney,MS,38737,1293.01
603,FRANCIS,DOLAN,1611 HALE COURT,Poquonock,CT,6064,0
604,KEVIN,RUBIN,837 TAYSHEE CIRCLE,Chas,SC,29408,262.06
605,JACKIE,PEARCE,1916 NICKELL CIRCLE,West Mansfield,OH,43358,311.45
606,OMA,HOLLOWAY,1813 RAVEN CREST CIRCLE,Wallace,SC,29596,512.18
607,MADGE,BEARD,711 DON CIRCLE,Graceland Hts,IN,47346,0
608,HATTIE,WILEY,1521 BRIDLE LANE,New Baltimore,OH,45030,0
609,HENRY,WOOD,578 UNION SQUARE DRIVE,Silver Spring,MD,20990,1163.84
610,SAMMIE,MAYER,1105 STOWE CIRCLE,Woodcliff,NJ,7047,214.72
611,LUCIEN,SHAFER,1772 BUTTRESS HAUL ROAD,Artie,WV,25008,0
612,NICOLETTE,EVERETT,688 GREENSCREEK CIRCLE,Nashville,TN,37238,1488.18
613,HOWARD,LEBLANC,1914 SNOWMASS CIRCLE,Jetson,KY,42252,180.36
614,DEANGELO,CARTER,145 HANSA ROSE CIRCLE,Merion,PA,19066,192.31
615,VALERIA,POTTS,946 PADDOCK LANE,Rectortown,VA,22140,3073.44
616,JUNIOR,GOMES,521 THOMAS ROAD,Newbern,TN,38059,257.9
617,CESAR,TALLEY,1936 GENNY CIRCLE,Ben Avon Heights,PA,15202,0
618,ANITA,GUERRA,287 KIMBERLY DRIVE,Berwick,OH,44853,700.63
619,CLARENCE,SPICER,63 KEPNER DRIVE,Tasley,VA,23441,0
620,KYLA,THORNE,991 SCHNEITER CIRCLE,Bangor,NY,12966,711.91
621,JAMEY,BONNER,995 GLADE PLACE,Fayetteville,NC,28307,450.72
622,DEE,GOMES,1981 GUNWALE CIRCLE,Modoc,SC,29838,753.39
623,IMELDA,CONKLIN,180 CHAFFEE CIRCLE,Lyndon Corners,VT,5849,0
624,LUCIANO,JUDD,488 PAWN PLACE,Green Village,NJ,7935,211.87
625,RACHEL,AVERY,1935 NEWELL STREET,Goss Heights,MA,1050,1745.09
626,ARMAND,CARPENTER,101 KENTLY COURT,Chicopee Center,MA,1013,0
627,ADA,PENN,1224 CHABLIS CIRCLE,Glenelg,MD,21737,579.42
628,KIM,BROWNE,1178 DIVISION STREET,Coral Gables,FL,33156,106.9
629,ROXIE,MOSLEY,1700 GEESE CIRCLE,Camden,ME,4847,0
630,MARYLIN,STANTON,1812 RAYMOND AVENUE,Jackson,MI,49201,639.58
631,CARRIE,FONTENOT,1261 HAMMOND AVENUE,Friendship,NC,27410,466.21
632,JOLENE,KRAUSE,1687 PONDS CIRCLE,Lloyd,NY,12528,0
633,ALECIA,WISE,580 EAST 55TH AVENUE,Orange,PA,17859,281.39
634,RICH,DOW,1700 HUCKLEBERRY STREET,Oak Ridge,TN,37831,0
635,LINNEA,LAY,90 EASTRIDGE DRIVE,Canton,OH,44798,0
636,STEVE,SAMS,1506 BOOTLEGGER COVE DRIVE,Irving,NY,14081,809.74
637,SHANA,BACON,1333 BAY CIRCLE,Cateechee,SC,29667,0
638,FREDERICK,DUTTON,1705 NORTON DRIVE,Oxford,MS,39638,548.5
639,EMILY,DODSON,703 BUCCANEER PLACE,Levant,ME,4456,72.29
640,PHIL,BOWMAN,166 MOUNTAIN POINT CIRCLE,Creighton,PA,15030,0
641,ELENA,HART,867 LUCERN AVENUE,Farmington Hills,MI,48331,0
642,JENNA,WEISS,716 PATTERSON COURT,Trout Lake,MI,49793,0
643,NINA,ALLEN,680 RED TALON DRIVE,Robertsdale,AL,36574,0
644,MERVIN,HUDSON,1272 GOOSE LAKE DRIVE,Milton,FL,32572,0
645,FERDINAND,WHALEN,1334 FYFE CIRCLE,Penn Avon,PA,17870,0
646,XIOMARA,HAINES,1515 FARPOINT DRIVE,Summertown,TN,38483,2320.26
647,ROSARIO,ROSADO,656 MINERVA WAY,Shulls Mills,NC,28607,0
648,DELOIS,DUNHAM,191 DEBORAH LANE,Augusta,GA,30919,0
649,ADAM,BELANGER,474 EAST 10TH AVENUE,Fort Meade,MD,20755,247.66
650,KRISTAL,JEFFERS,1328 ORIOLE DRIVE,Railroad,PA,17355,29.98
651,ERASMO,ARELLANO,1277 SELKIRK DRIVE,Suwanee,FL,32692,528.89
652,ELEANORE,MCMULLEN,697 DUNLAP AVENUE,Gastonia,NC,28052,0
653,ANGELA,PONCE,494 PLACE STREET,Wilton,NH,3086,0
654,LAWRENCE,GALLAGHER,1337 WILLIS DRIVE,Pleasant Gdns,NC,27313,1631
655,IONE,FERNANDEZ,842 BETULA DRIVE,Sandgap,KY,40481,355.53
656,NANCY,CORBIN,807 EAST WHITNEY ROAD,Fairmont,NC,28340,572.95
657,LAWERENCE,HEALY,1201 ROYAL COURT,Methuen,MA,1844,0
658,JADA,LANCASTER,662 EAST 97TH AVENUE,Memphis,TN,38131,869.88
659,MELONY,RUTHERFORD,1574 HIGHLAND DRIVE,Mill Crk,PA,17060,605.75
660,FELICITA,SYLVESTER,710 RIVERTON COURT,Acton,ME,4001,45.97
661,LOUIS,CRAFT,404 OLYMPIC STREET,Limestone,NY,14753,0
662,SANTOS,MAXWELL,24 MC LEAN PLACE,Rosier,GA,30434,502.86
663,JEANIE,PACHECO,565 MONTE ROAD,Morley,NY,13617,2072.26
664,NORBERTO,JEWELL,617 SUSHANA CIRCLE,Wingate,NC,28174,0
665,STACIA,RODRIGUES,1942 ILLIAMNA AVENUE,Tully,NY,13159,0
666,FELICITA,BANKS,993 SPRUCE LANE,Essex Junction,VT,5453,450.84
667,WINONA,HUBBARD,1578 E LOOP WB ON W LOOP RAMP,Clyde,NY,14433,1317.82
668,SUE,GUERRA,1620 CHARTER CIRCLE,Worcester,MA,1609,227.77
669,REINA,ENGEL,544 SYDNIE KAY STREET,Buffalo,NY,14240,0
670,FLOR,PRITCHETT,1981 VISTA COURT,Jericho,VT,5465,361.95
671,LAUREN,FAULK,1312 EAST 16TH TERRACE,Hamburg,PA,19526,217.79
672,FREEMAN,WIGGINS,1244 CHESAPEAKE AVENUE,Shamong,NJ,8088,935.22
673,MORGAN,TILLMAN,1361 TERRY STREET,Monocacy Station,PA,19542,0
674,DEIRDRE,GOODRICH,1622 TAIGA DRIVE,Lovell,OH,43351,602.32
675,JOSEF,SAMUEL,956 DALE STREET,Buckeyeville,OH,43725,2461.08
676,ROBERTO,CHU,1498 WEST 17TH AVENUE,Biddeford,ME,4007,655.51
677,CHIQUITA,BRITT,196 SPRING CREEK LANE,Henryville,PA,18332,847.41
678,JANIE,SANDERS,1735 SAMBAR LOOP,Guttenberg,NJ,7093,142.45
679,BEATRIZ,PROCTOR,37 ATELIER DRIVE,Madison,TN,37116,339.13
680,MARIBETH,FERNANDEZ,1693 STEPHEN CIRCLE,Tampa,FL,33617,117.42
681,DEMETRIA,HARGROVE,962 EAST VIEW DRIVE,Redding,CT,6875,109.7
682,JOANNA,BUCKLEY,555 BAGPIPE AVENUE,Selkirk,NY,12158,318.94
683,CORINA,HUGHES,1422 BETULA DRIVE,St Croix,IN,47576,123.71
684,WENDI,BEAN,1698 IRWIN STREET,Davisburg,KY,40977,985.47
685,JEFF,LUNSFORD,1053 NORTH LANE STREET,Roanoke,VA,24024,560.79
686,VEDA,STARKS,666 YUKLA CIRCLE,Pembroke,NC,28372,2591.85
687,IRVING,DODD,92 FALKE COURT,Lex Pk,MD,20653,558.51
688,JEWEL,PAIGE,801 SCHAFF DRIVE,Hare,NC,28627,124.3
689,ZACHARIAH,WEBBER,940 ARLENE STREET,Taylorville,PA,17921,0
690,BETTYE,WHITTEN,1091 NEWCOMB DRIVE,Maryville,TN,37802,0
691,CLARISSA,BURKETT,231 RED TALON CIRCLE,Haddam,CT,6438,667.89
692,CHERI,MOSLEY,1479 BROTHERS AVENUE,Seaview,VA,23429,322.45
693,MARGARETE,CHAVEZ,1441 DAVID AVENUE,Jackhorn,KY,41825,0
694,RANDAL,JUDD,1527 MOONSTAR CIRCLE,Kimball,TN,37347,644.1
695,EVALYN,HUNTER,355 PAPA BEAR LANE,Grand Isle,ME,4746,129.92
696,ALISHA,TOMLINSON,1985 EAST 52ND AVENUE,Catherine,AL,36728,1891.98
697,ELISHA,STAHL,1980 WOODSTOCK CIRCLE,South Egremont,MA,1252,29.99
698,RUBEN,FISH,1761 EAST 46TH PLACE,Hialeah,FL,33014,0
699,BECKY,LEWIS,1810 ELMENDORF DRIVE,Mill Hall,PA,17767,1726.99
700,DARIUS,MCGHEE,214 CHAD STREET,Worcester,MA,1602,0
701,LENORA,NIXON,170 DE ETTE CIRCLE,Portland,ME,4112,0
702,LUCIE,CONWAY,1999 BOUNDARY AVENUE,Berlin,KY,41043,0
703,STANTON,WALDRON,1138 HILLCREST CIRCLE,Mount Nebo,PA,17565,501.09
704,JENNI,TRACY,210 LITTLE MOOSE CIRCLE,Grand Rivers,KY,42045,65.86
705,BILLY,EARLY,1895 EAST 160TH AVENUE,Sunset Harbor,NC,28422,446.59
706,TRENT,LAWSON,1528 WARWICK DRIVE,Miami,FL,33255,13.99
707,LES,MOCK,1768 TANADA CIRCLE,Bloomville,SC,29102,2195.26
708,STEPHAINE,SHEARER,677 ELIES DRIVE,East Chicago,IN,46312,156.71
709,IONA,VELASQUEZ,1155 JESTERS PLACE,Purchase,NY,10577,1632.97
710,ROMEO,SWEENEY,1280 LEDYARD CIRCLE,Westview,KY,40178,976.38
711,STEPHENIE,DODGE,1129 KENSINGTON CIRCLE,Nicut,WV,26633,0
712,THEODORE,SAMUELS,1751 BUSINESS PARK BOULEVARD,Watton,MI,49970,361.7
713,CURTIS,NORWOOD,825 GLENN HAVEN DRIVE,Princeton,KY,42445,15.26
714,TONY,BERG,889 AVALON CIRCLE,Rockville Center,NY,11570,0
715,GRACIELA,SCHAFER,1477 BRIARCLIFF DRIVE,Norfolk,VA,23529,0
716,JACK,BAKER,1382 BREEZEWOOD DRIVE,Toledo,OH,43620,0
717,SAMUAL,MIDDLETON,187 SEWARD SB ON OMALLEY RAMP,Greenville,DE,19807,375.4
718,OLIN,COLBERT,299 AMBASSADOR DRIVE,Petoskey,MI,49770,233.45
719,LASHANDA,ALBRIGHT,1938 PETREL CIRCLE,Haneyville,PA,17745,717.7
720,DARRON,WHITLOCK,230 MONRON STREET,Liberty Center,IN,46766,1309.72
721,DONA,JACOBSON,659 DAVIS STREET,Louin,MS,39338,0
722,VALENCIA,WILLARD,862 SPENDLOVE DRIVE,Lawrenceville,PA,16929,207.91
723,LYMAN,CROW,353 EAST 15TH AVENUE,Hillsboro,NC,27278,2161.08
724,MAYRA,ROSE,106 GOLDEN HILLS LANE,South Kingstown,RI,2874,823.68
725,LACY,KEYES,570 EAST 51ST AVENUE,Middletown,CT,6459,192.17
726,SHERRYL,RODRIGUEZ,1451 TELEQUANA DRIVE,Mosby,VA,22042,258.44
727,ROBYN,SIMONS,1331 NOBLE POINT DRIVE,Ceredo,WV,25507,0
728,EVALYN,DOWNING,1504 BIG SPRUCE CIRCLE,Cleveland,OH,44102,335.87
729,BEAU,PERDUE,1808 WHISPERING LOOP,Bee Spring,KY,42207,1352.56
730,MALISSA,HAYNES,631 MARION AVENUE,Benson,NY,12134,0
731,BRYCE,HOGAN,1860 IMLACH DRIVE,Newbury,MA,1951,614.59
732,LEIGH,FOWLER,136 EAST 18TH CIRCLE,West Newark,NY,13811,1894.26
733,RENATE,LADD,652 LEWIS STREET,Crystal City,VA,22202,280.54
734,MARCOS,VILLA,1569 HEAVENLY CIRCLE,Eccles,WV,25836,746.27
735,EDWIN,MEDEIROS,632 FIREOVED DRIVE,Keating Summit,PA,16749,443.45
736,EDDY,MCGEE,1449 SNOWY PLOVER CIRCLE,Clintonville,NY,12924,416.86
737,YOUNG,DICKERSON,283 KANTISHNA DRIVE,Chittenden,VT,5737,219.87
738,ALIDA,HANSEN,792 FERGY CIRCLE,Furman,AL,36741,195.93
739,CHANA,GRANGER,489 HORIZON AVENUE,Dudley Shoals,NC,28630,399.59
740,KERRI,LASSITER,700 MILLS PARK CIRCLE,Bemus Point,NY,14712,0
741,PRUDENCE,MORIN,1979 ELMRICH COURT,Pinnacle,NC,27043,454.12
742,ERIC,GRAVES,767 CAMPBELL CREEK ROAD,Glenville,NC,28736,385.89
743,PEDRO,KUHN,152 WOODRIDGE CIRCLE,New Port Richey,FL,34654,245.85
744,WHITNEY,WHITFIELD,1259 RHONE STREET,Phippsburg,ME,4567,203.15
745,SIDNEY,GARZA,772 SHEPPARD DRIVE,Fair Harbor,NY,11706,0
746,STEPHINE,GOODMAN,1064 LOWER KOGRU DRIVE,Comstock Park,MI,49321,344.22
747,RENITA,CHRISTIAN,1205 MALLARD LANE,Exeter,NY,13315,0
748,SHAWNA,MACIAS,1123 ALPINE LAUREL DRIVE,Stumpy Point,NC,27978,342.35
749,DARLEEN,PARRA,561 COLLIE HILL WAY,Madison,MS,39130,0
750,WELDON,FITZPATRICK,1839 HOCKER PLACE,Milford,NY,13807,228.05
751,DENICE,GUZMAN,1485 RICHARDSON DRIVE,Millingport,NC,28001,1575.99
752,MARGARETE,FLORES,1264 WHALEY AVENUE,West Brookfield,MA,1585,488.8
753,CECIL,ESPARZA,1928 VALLEY VISTA CIRCLE,Mulga,AL,35118,179.6
754,DOMINIC,LUNA,1607 POLARIS WAY,Newfields,NH,3856,213.87
755,MYRNA,KIRKLAND,206 COMMERCE STREET,Silver Point,TN,38582,0
756,EARL,STATON,522 WEST LAKE AVENUE,Smithville,NJ,8201,2745.07
757,JEFFEREY,ALBERT,436 BUTTERMILK WAY,Grosvenor Dale,CT,6246,0
758,PORTER,PRYOR,1501 GAIL STREET,Cementon,NY,12415,890.6
759,STACIE,MICHAUD,1429 EAST FRANKLIN DRIVE,Brighton,MD,21207,139.1
760,ARMIDA,WILKINS,710 BUTTON CIRCLE,New York,NY,10132,0
761,JAMAAL,DUFFY,1481 LONGORIA CIRCLE,Lee Hall,VA,23603,0
762,MAGGIE,YAZZIE,143 KILO CIRCLE,Morganton,GA,30560,648.51
763,PORTER,GILES,1026 KILKERRY CIRCLE,Wolf,KY,41164,0
764,GILBERTO,CLINE,237 TAFT STREET,Buena Ventura Lakes,FL,34743,1132.18
765,WILSON,BELL,1127 CUNNINGHAM STREET,Louisville,TN,37777,2478.43
766,KATHIE,DIGGS,1327 LOST CIRCLE,Crosby,PA,16724,2703.86
767,JERMAINE,HANCOCK,1627 SAUNDERS ROAD,Ellicott City,MD,21041,272.83
768,HANNAH,BASSETT,259 ELMHURST DRIVE,Worcester,MA,1608,1038.56
769,SEYMOUR,CLIFTON,345 MONPELIER DRIVE,Olanta,PA,16863,0
770,JAYNE,FORD,300 TUNDRA COURT,Loogootee,IN,47553,0
771,ROSALINDA,MCNEAL,494 DELRIDGE CIRCLE,Tappan,NY,10983,0
772,DONALD,PETTIT,62 NICHOLS STREET,New York,NY,10025,86.94
773,SETH,HOLLIS,13 HANSA ROSE CIRCLE,South Euclid,OH,44121,309.41
774,FLORA,MANNING,1378 EAGLE STREET,Ashland,PA,17921,79.98
775,FRANK,CLARK,1669 CHALLENGER CIRCLE,Kidds Crossing,KY,42611,2994.49
776,SOPHIA,BONDS,163 HENKINS ROAD,Helmuth,NY,14079,0
777,CLINTON,AGUIRRE,1651 VANGUARD DRIVE,Franklinville,NC,27248,0
778,WES,LUNDY,67 BRITTANY DRIVE,W Asheville,NC,28816,54.34
779,FERNANDO,RICHARDS,46 COMMUNITY PARK LOOP,Saint James Heights,NY,11780,64.43
780,LARISSA,POOL,574 ADAK CIRCLE,Decatur,AL,35609,2223.58
781,TOMMIE,PALMER,933 ELCADORE CIRCLE,Arapahoe,NC,28510,0
782,ELLSWORTH,STEIN,804 SEAWIND CIRCLE,Mc Lean,VA,22103,379.85
783,ROBERTO,MATHEWS,1400 EAST 86TH COURT,Huntland,TN,37345,89.97
784,CHRISTIAN,ROSAS,943 CALIFORNIA CREEK WAY,Shirley,MA,1464,640.85
785,CORNELIA,BOOTH,357 LOWER TERRACE STREET,Dresden,IN,47453,362.54
786,BRYON,FOWLER,1926 KIMBERLIE LANE,West Milford,NJ,7480,285.36
787,KASEY,SOSA,975 WEST 96TH AVENUE,Kinzers,PA,17535,312.7
788,JERALD,WESTON,1914 PAINE PLACE,Sandy Springs,GA,30358,0
789,LINNEA,TATUM,958 POTLATCH CIRCLE,Titusville,PA,16354,1457.79
790,NAKIA,TYLER,710 ALUMNI LOOP,Burt Lake,MI,49717,484.29
791,ALETA,TIDWELL,393 FAR VIEW PLACE,Sparta,IN,46760,1802.94
792,TAMRA,TRAVIS,199 BALANDRA CIRCLE,Smiths Creek,MI,48074,348.92
793,BRODERICK,JOHNSON,1043 WEST SHIP CREEK AVENUE,Monroe,GA,30655,2176
794,PRINCESS,BRAGG,1935 REGENT DRIVE,Sweatman,MS,38925,0
795,DARLEEN,SOSA,1501 EAST PRINCE OF PEACE DRIVE,Flint,MI,48552,1497.31
796,MONROE,ALLISON,272 SCHODDE STREET,Kalamazoo,MI,49002,0
797,HARRIS,REDMOND,26 CHRIS COURT,Berwick,OH,44853,813.37
798,LETICIA,HEBERT,1244 DEER PARK DRIVE,Shorterville,AL,36373,0
799,JOELLEN,POWERS,256 PAMELA PLACE,West Carthage,NY,13619,582.34
800,CHIQUITA,JEFFERS,900 MOSSBERRY PLACE,Landaff,NH,3585,1110.68
801,ROSALIA,SEXTON,649 KRISTIE CIRCLE,Dunlevy,PA,15432,407.9
802,CHANTAL,LAIRD,1719 BREWSTER DRIVE,The Village,MD,21208,194.37
803,JEFFEREY,MCBRIDE,1043 ROCKRIDGE DRIVE,Glenwood,NJ,7418,0
804,HEIDI,PALACIOS,471 KAREN STREET,West Warren,MA,1092,782.57
805,ELISSA,KENDRICK,662 ALLAN PLACE,Bohannon,VA,23021,0
806,AGNES,ROSE,1883 BEAMREACH COURT,Farmington Hills,MI,48332,274.9
807,VON,GOINS,1986 HAVEN CIRCLE,Lynn,PA,19529,459.59
808,AISHA,SKAGGS,1309 GAIL STREET,West Wardsboro,VT,5360,315.79
809,CHARLES,SHOEMAKER,1648 REDOUBT COURT,Coalmont,TN,37313,116.91
810,CHRISTAL,ROPER,1128 SEWARD NB ON DOWLING RAMP,Hanersville,OH,45631,0
811,LORRI,MAHONEY,182 HEINTZLEMAN DRIVE,Smith,KY,40867,0
812,CELESTINE,KELLER,1049 PROSPERITY DRIVE,Woodburn,MS,38751,457.35
813,RONNY,ODOM,730 EVERGREEN STREET,Forest Oaks,NC,27406,0
814,JONNA,HOOKER,1010 WESTMINSTER WAY,Naples,FL,33963,702.46
815,ROLANDO,HAGEN,171 PACER PLACE,Flemingsburg Junction,KY,41041,0
816,MAVIS,ENGLE,120 SAN JERONIMO DRIVE,Breeding,KY,42715,0
817,LIZ,DELGADO,1961 TARA LANE,Chapel Heights,NJ,8080,575.04
818,HANK,CRAFT,367 GOLD CLAIM DRIVE,Muskalounge,NY,13634,719.29
819,KRISTINA,STUART,441 VIOLA CIRCLE,Tampa,FL,33605,0
820,MARCELA,DUGAN,1785 DORIS PLACE,Sylacauga,AL,35150,638.34
821,DREW,FAIR,1544 EAST 38TH COURT,Cedonia,MD,21206,0
822,CASEY,CROWE,876 BOYSEN BERRY PLACE,Pleasant Hill,TN,38578,0
823,JEANNETTE,HINKLE,1108 VFW ROAD,Loudonville,NY,12211,2041.92
824,EVA,SULLIVAN,1410 CALAIS DRIVE,So Fort Mitchell,KY,41017,210.66
825,KACEY,GARRISON,111 CLOVERWOOD LOOP,Blue Mountain Lake,NY,12812,0
826,STEFANIE,SWANSON,827 VENUS WAY,Deiblers,PA,17821,679.48
827,WAYLON,ROLLINS,865 WEST 40TH AVENUE,Disputanta,VA,23842,0
828,TONY,BATEMAN,573 EMARD STREET,Dalton,PA,18414,477.63
829,MARIANA,POOL,1877 HILLANDALE AVENUE,Wilmington,DE,19899,0
830,ERNEST,SHANNON,787 HUNTER CIRCLE,Buffalo,NY,14221,245.85
831,LOYD,BRIGGS,1314 WEST BENSON BOULEVARD,Crolier Books,KY,40386,0
832,CATINA,WARE,269 BRIGHTON ROAD,Bridgewater,NJ,8807,275.28
833,ADRIENNE,SHAW,1260 CINNAMON DRIVE,Franklin,TN,37064,490.04
834,ISSAC,MCGUIRE,656 KAILYARD STREET,Chestnut Level,PA,17566,281.36
835,JANNA,SHELDON,1927 PRISM CIRCLE,Highgate,VT,5459,474.97
836,EMERY,ROMANO,1075 ALPINE AVENUE,Fort Mitchell,VA,23941,446.9
837,BRANT,SHAFER,1375 BROOKS DRIVE,Flushing,MI,48433,0
838,ZORA,WRIGHT,751 CORTINA ROAD,Braxton,IN,47454,177.91
839,SHARRON,JUAREZ,1958 CLARK STREET,Saint Petersburg,FL,33712,74.03
840,QUINTIN,BENTLEY,529 BOTHWELL CIRCLE,Winter Haven,FL,33881,729.77
841,JOAQUIN,SEYMOUR,262 GULL AVENUE,Yonkers,NY,10709,919.27
842,ELDA,GLOVER,575 HAIDA CIRCLE,Oldenburg,MS,39661,170.95
843,INDIA,MOSES,1464 DENISE CIRCLE,Whippany,NJ,7999,0
844,BLAIR,NUNEZ,1034 DELTA DRIVE,Gerton,NC,28735,521.4
845,AGATHA,LOCKE,1267 SUSITNA VIEW COURT,Tabernacle,NJ,8088,17.98
846,MARYLOU,ALFARO,355 INLET VISTA CIRCLE,Avondale,PA,19311,70.77
847,LAN,TILLEY,124 KERI COURT,Waddington,NY,13694,113.22
848,MARLYN,KERR,1765 BUCKNER DRIVE,Mt Holly Springs,PA,17065,0
849,EILEEN,PICKENS,1436 ALPINE DRIVE,Liberty,NY,12754,1046.3
850,THERESA,DAVENPORT,1302 ASHLEY PARK LANE,Waverly,FL,33877,203.82
851,JAMISON,PRESTON,172 STONEBRIDGE CIRCLE,Lancaster,PA,17601,0
852,IVAN,FOURNIER,1854 RIDGEWOOD STREET,Bowman,IN,47567,447.55
853,GAYLORD,BOLTON,1069 LUGENE LANE,Montgomery,AL,36131,377.27
854,DELPHINE,WALTERS,1981 WOODBOURNE DRIVE,Cohoes,NY,12047,0
855,AUBREY,GLOVER,907 GOLD CLAIM DRIVE,Honoraville,AL,36042,300.47
856,KURT,POPE,992 CRAIG DRIVE,Mayfield,PA,18433,582.14
857,BARRETT,SHAVER,1141 TERRY PLACE,Cleveland,OH,44121,269.72
858,MARIANN,MORA,1524 CENTURION DRIVE,Redwood,MS,39156,170.83
859,JEANNIE,COBB,75 BRECKENRIDGE CIRCLE,Peck Slip,NY,10038,19.06
860,EDGAR,STAPLETON,813 DAVIS HIGHWAY,Lyndon,KY,40242,411.63
861,LETA,DAVILA,1989 WARWICK PLACE,Jacksonville,OH,45740,19.98
862,TAMMI,PRUITT,294 MOSS COURT,Ridgeville,IN,47380,0
863,ADRIANNA,TAYLOR,1904 TAKU DRIVE,Hallsville,NY,13339,2208.72
864,GERMAN,MACDONALD,308 BOWDOIN CIRCLE,Edgemere,MD,21222,2624.49
865,JULIA,HOLLEY,1185 LEO STREET,Linwood,MD,21764,143.17
866,EDNA,PADGETT,577 MC DONELL ROAD,Apple Grove,WV,25502,0
867,KIETH,DIGGS,1614 COLCHIS STREET,Flushing,NY,11351,779.85
868,ROSA,PACHECO,1378 WENDY WAY,Hattiesburg,MS,39404,936.38
869,SHERWOOD,SHELDON,1724 CHABLIS CIRCLE,Lewistwn,PA,17044,833.77
870,VIOLET,HARMON,608 DOGWOOD ROAD,Au Sable,MI,48750,295.03
871,GIL,DAVID,1713 SKY CIRCLE,Mc Bee,SC,29101,0
872,JEROMY,HURT,984 TERRY STREET,Reidsville,NC,27320,0
873,EMMITT,MARINO,1479 EAST 78TH AVENUE,Cincinnati,OH,45237,227.71
874,EZEKIEL,PINEDA,362 GLENN CIRCLE,Robertsburg,WV,25172,127.42
875,NORMAN,MCCANN,784 WILLENE DRIVE,South Lorain,OH,44055,135.71
876,SCOTT,PARRA,1959 WEST 12TH AVENUE,Java Village,NY,14083,219
877,LILY,STRINGER,1515 TOLSONA CIRCLE,Boomer,NC,28606,535.33
878,HOLLIE,ROACH,1490 FERNDALE STREET,Duke,NC,27706,0
879,CARMA,DAILEY,424 MC CARTHY STREET,Scranton,PA,18501,143.52
880,MARVIN,MARINO,934 DOTIE DRIVE,Gerrardstown,WV,25420,18.87
881,LIZ,MCQUEEN,1203 VALLEY STREET,Brewton,AL,36426,577.53
882,FIONA,CORDERO,997 BARBARA STREET,Dearborn Heights,MI,48127,462.52
883,MOSES,BERG,240 SIERRA MESA CIRCLE,M M,GA,31419,2416.11
884,WILLA,CHAMBERLAIN,1108 JOYCE ROAD,Trow Hill,VT,5641,0
885,KAROL,GIBBS,1920 EAST 16TH TERRACE,Oakdale,MA,1539,0
886,ROSARIO,STOKES,959 SUNRISE DRIVE,Hightower,AL,36263,0
887,SIDNEY,JENNINGS,893 CHABLIS CIRCLE,Centerport,PA,19516,0
888,JENA,BOUDREAUX,306 MC HUGH LANE,Lexington,KY,40509,0
889,FELICITA,ARREDONDO,1035 VOSIKOF PLACE,North Eaton,OH,44044,0
890,RUEBEN,CHRISTENSEN,1233 REGIS COURT,Pleasant Shade,TN,37145,116.53
891,LASHONDA,HERRING,1023 LEANDER CIRCLE,Johnstown,PA,15901,47.67
892,LAVINA,CAMPBELL,414 WEST SHIP CREEK AVENUE,Keno,OH,45743,778.26
893,BROOKE,CARTWRIGHT,965 BRITTANY PLACE,Yardley,PA,19067,602.45
894,KYLA,CLINTON,1936 RYAN COURT,No Chas,SC,29411,487.31
895,JORGE,SYLVESTER,1458 NORTH PARKVIEW TERRACE LOOP,Mc Comb,MS,39648,0
896,MURRAY,RHOADES,494 BIRCH TRAIL CIRCLE,Smithfield,OH,43948,0
897,ROCKY,HARRINGTON,253 GLACIER VIEW DRIVE,Cold Springs,IN,46742,0
898,FERNE,BLANKENSHIP,1198 MILLS PARK CIRCLE,Macon,GA,31202,624.83
899,VINCE,STONE,1219 BEAMREACH COURT,Middleswarth,PA,17842,228.15
900,MITCHELL,ERWIN,848 LESMER COURT,Burningtown,NC,28734,0
901,MELVA,ELLIS,382 AUTUMN CIRCLE,Clarksburg,MD,20897,485.77
902,LANE,HAYWOOD,822 LAMPERT CIRCLE,Atlantic Beach,FL,32233,107.94
903,ROBIN,ADDISON,323 LORETTA PLACE,Mobile,AL,36693,2565.61
904,OLEN,BARNHART,609 GROSS DRIVE,Pineleigh,MD,21286,0
905,KANDI,FRANK,1620 CHENA AVENUE,Dover,TN,37058,1883.92
906,ELVIS,HAYDEN,615 MARGARET CIRCLE,Selma,IN,47383,0
907,CHERYLE,HORTON,1128 SNUG HARBOR CIRCLE,Sea Bright,NJ,7760,0
908,MARGERY,FIELD,1516 THOMAS ROAD,Glen Castle,NY,13901,647.78
909,KENDALL,LAM,632 ROBIN DRIVE,Westernport,MD,21540,0
910,MAJORIE,BERRY,1165 WEST 30TH AVENUE,Eden,NC,27288,0
911,LACEY,GILLIAM,647 SHADETREE CIRCLE,High Hill Beach,NY,11710,0
912,FONDA,MCCORD,1785 SHANDY COURT,Laureldale,PA,19605,313.05
913,ORPHA,VALENTIN,1629 CASPER COURT,S U N Y,NY,12222,306.05
914,JANIS,CASTRO,856 LAKE STREET,Renrock,OH,43732,514.17
915,CARLOTTA,KNIGHT,335 HESTERBERG ROAD,Winslow,AL,36003,0
916,BENNY,GREEN,1389 GAYOT DRIVE,Minerva,NY,12851,95.96
917,NATALIE,OTT,1154 EAST 19TH CIRCLE,Lake Linden,MI,49945,0
918,SELENA,MANUEL,1952 TANAGA CIRCLE,Wayland,MI,49348,0
919,HASSAN,GREENWOOD,1141 SHELTERING SPRUCE LOOP,Brigantine,NJ,8203,0
920,SELMA,BURNS,279 WEST 43RD AVENUE,Sheldonville,MA,2070,2163.16
921,CINDA,CROWDER,881 NEHER RIDGE DRIVE,Piney Bluff,GA,31565,361.13
922,RAY,STONE,567 MAGNAVIEW DRIVE,Slackwater,PA,17551,599.96
923,ANNETTA,WILLARD,1073 VISCOUNT CIRCLE,Shippensburg,PA,17257,0
924,CLAIRE,VELAZQUEZ,391 OSBORN STREET,Springfield,OH,45501,0
925,ALANA,BOOKER,1874 I STREET,Mccullough,AL,36502,0
926,NIGEL,HAMLIN,110 ADONIS DRIVE,Harlequin Books,NY,14269,623.38
927,MAGDALENA,MEIER,768 HALE COURT,Van Buren,OH,45889,485.15
928,GERTRUDE,HALL,1084 NULATO CIRCLE,Strawtown,IN,46060,317.17
929,CECIL,GRAYSON,350 WHISPER RIDGE CIRCLE,Taft,OH,45236,0
930,KARRIE,ELLISON,1128 KING EIDER LANE,Plymouth,OH,44865,0
931,PANSY,MAYBERRY,728 LYNKERRY CIRCLE,Enterprise,AL,36330,374.29
932,TONJA,PETERS,387 DISCOVERY HEIGHTS CIRCLE,Harold,KY,41635,0
933,LUIS,PATE,564 S STREET,Wendover,KY,41775,0
934,RICHIE,ADAMS,1282 DELONG CIRCLE,Boston,MA,2123,0
935,CANDIDA,FARLEY,163 DANISH CIRCLE,Flemington,GA,31313,111.91
936,ROXANE,BLACKWELL,1016 WOODWARD DRIVE,New Manchester,WV,26056,0
937,ISRAEL,DONOVAN,1617 LILLESTON STREET,Sizerock,KY,41762,600.76
938,LUISA,GILLIAM,212 SPORTSMAN DRIVE,Tribes Hill,NY,12177,0
939,JOCELYN,LEON,410 DELONG LANDING CIRCLE,Western,NY,13419,295.05
940,KURT,FLANAGAN,1274 SCHNEITER CIRCLE,Haven Beach,NJ,8008,100.91
941,ANGELO,GASTON,753 NORTHRUP CIRCLE,Gibsonia,FL,33805,76.77
942,VITO,NEFF,1333 DIVISION STREET,Prairie Point,MS,39341,0
943,LIZETTE,MIRANDA,822 SUNDOWN COURT,Macon,GA,31213,178.93
944,TRICIA,PIERRE,501 SHELLI DRIVE,Jacksonville,FL,32210,0
945,LUCRETIA,GUNN,1173 WOODRIDGE DRIVE,Dilliner,PA,15327,1524.73
946,COREY,CURTIS,1692 NORENE STREET,Mitiwanga,OH,44839,0
947,DUSTIN,HAMILTON,1271 CONNORS TRAIL CIRCLE,Chestnut Ridge,NY,10965,0
948,GALE,CRANE,1799 KLAMATH FALLS LANE,Fort Myers,FL,33916,86.75
949,DONTE,CHARLES,1251 RAMBLER ROAD,Clarksville,TN,37041,0
950,ARETHA,SAVAGE,730 BASS STREET,Blounts Creek,NC,27814,200.81
951,LIZZIE,DICKEY,1883 PEBBLEBROOK CIRCLE,Springfield,GA,31329,638.62
952,COY,JUDD,1688 ARCTIC SPUR ROAD,Louisville,KY,40257,0
953,LAKEISHA,POTTER,1934 BLACK PINE CIRCLE,Allentown,PA,18109,525.19
954,KATINA,HENRY,545 FAITH CIRCLE,Lake Hill,NY,12448,0
955,NATIVIDAD,SORENSEN,866 FASSLER CIRCLE,No Hero,VT,5474,1663.87
956,LIDIA,LACY,1787 ALPINE DRIVE,Cushman,MA,1002,2498.51
957,NITA,ERICKSON,1342 SHELDON JACKSON STREET,Harleyville,SC,29448,0
958,JACQUELIN,KENNEY,370 FIRE HOUSE LANE,Fancy Farm,KY,42039,56.94
959,TEDDY,BURGESS,816 CHIRIKOF AVENUE,Soradoville,PA,17841,0
960,TREVA,SIMON,1102 MULDROW STREET,Edgemoor,DE,19810,0
961,CONNIE,JOYNER,1603 CHRISTIE STREET,Davisville,OH,45692,2675.33
962,MARIELA,BOWEN,259 GLENN SB ON MULDOON RAMP,Rauchtown,PA,17740,123.36
963,ADINA,BARRETT,1299 CHESTNUT COURT,Charlotte,NC,28296,116.97
964,WILSON,VARGAS,576 ATKINSON DRIVE,Walnut Cove,NC,27052,0
965,KAY,ROSE,849 GULCH DRIVE,Bucktown,IN,47838,220.49
966,MICHAELA,RANDLE,1989 BOTANICAL CIRCLE,Pittsburgh,PA,15217,0
967,FRANK,FLYNN,1984 GRANGE DRIVE,North Wales,PA,19455,1684.76
968,HONG,SAMUEL,198 COLVILLE STREET,Wilmington,NC,28407,2034.54
969,YESENIA,DAVIES,521 SPINDRIFT CIRCLE,Wirtz,VA,24184,158.69
970,JOEY,DOOLEY,1773 EAST 113TH AVENUE,Center Square,PA,19422,0
971,KANDY,TIDWELL,1135 GOODNEWS CIRCLE,Flagler Beach,FL,32142,239.35
972,LONNY,LONG,313 BIRCH STREET,Waynesville,NC,28786,216.21
973,SID,ONEIL,1855 TAIGA DRIVE,No Hatfield,MA,1066,0
974,BILLIE,HOPPER,1554 BRITTANY PLACE,Maryhill,NY,11766,411.42
975,LATRICE,TORRES,1848 MALL CIRCLE,Madisonville,TN,37354,350.53
976,GERALYN,SHARPE,615 BELLEVUE CIRCLE,Mooreville,MS,38857,0
977,TATIANA,GROVES,1805 GLENN SB OFF PARADIS RAMP,Rudyard,MI,49780,0
978,FRANKLIN,SOUZA,1611 PYRAMID DRIVE,Detroit,MI,48243,53.45
979,IMOGENE,MAYES,1017 HARCA STREET,Sylacauga,AL,35150,245.51
980,ANDY,HULL,1615 BIRCHWOOD LOOP ROAD,Buckingham,PA,18912,112.35
981,ROMEO,MOHR,1609 BEARPAW STREET,Saint Remy,NY,12401,0
982,JANA,CRUM,1913 LOWER KOGRU DRIVE,Brandywine,NY,12304,1305.45
983,HENRY,SWANSON,1798 PETES PLACE,Renovo,PA,17764,773.33
984,CHRISTINE,PEREZ,1099 SITKALIDAK LANE,Pensacola,FL,32526,449.61
985,ARIEL,LIGHT,1143 HIGH LAND DRIVE,Reston,VA,22091,0
986,DORTHA,ROSARIO,1677 SPECTRUM CIRCLE,Niagara Falls,NY,14301,2518.83
987,NORBERT,COOLEY,1365 EAST 156TH AVENUE,Daytona Beach,FL,32122,334.12
988,LIZETTE,BOUCHARD,1121 NORTH PINE STREET,Stanhope,PA,17963,0
989,MARTINA,ROCHA,280 WEST BLUFF DRIVE,Nas Jax,FL,32212,0
990,GABRIELLE,STOVER,869 DUNDAS CIRCLE,Lexington,NY,12452,0
991,TRACEY,WELCH,162 CRATAEGUS AVENUE,Bread Loaf,VT,5753,252.17
992,ROYAL,ANDERSON,716 CRAIGER COURT,Fairfield,FL,32634,510.3
993,MARGUERITE,BANKS,510 SELKIRK DRIVE,Buffalo,NY,14226,0
994,GERI,VANN,1797 UPPER FISH HATCHERY ROAD,Ingram,PA,15205,0
995,JASMINE,PINEDA,1390 NORTH POINT DRIVE,Cynwyd,PA,19004,719.31
996,EZRA,LYON,289 SHRUB COURT,Pensacola,FL,32591,2122.4
997,BENITO,CAMPOS,248 BIG HORN CIRCLE,Holland,MI,49424,591.91
998,PRUDENCE,CORTEZ,1946 SHARON PLACE,Mill Village,PA,16427,251.89
999,ARDITH,MAXWELL,1973 ESSEX CIRCLE,Fayette,IN,47885,91.11
1000,DANA,LOPEZ,960 ED STREET,Saint Benedict,PA,15773,133.51
1001,TERESITA,FENTON,1509 LINDA LANE,Manchester,PA,17345,0
1002,RONNA,DRAKE,1194 HIDEAWAY LAKE DRIVE,Pensacola,FL,32597,753.66
1003,DWIGHT,CONRAD,867 SCHAFF DRIVE,Donnybrook,MD,21286,1617.81
1004,TERRENCE,DICKSON,350 SUNCATCHER COURT,Lisbon Falls,ME,4252,660.22
1005,BETTYE,VILLALOBOS,1499 BEULAH CIRCLE,Oakwood Village,OH,44146,200.3
1006,LAVERN,ROCHA,927 CORAL LANE,Bethesda,MD,20894,0
1007,LUCIEN,HINTON,1135 ELMORE ROAD,Liverpool,PA,17045,690.84
1008,SIMON,BUNCH,899 STARFLOWER CIRCLE,Newport,KY,41074,1554.24
1009,DOMINICK,FAULKNER,1172 RIVER VIEW DRIVE,Dayton,IN,47941,439.67
1010,LELA,HATCHER,46 BROOK HILL CIRCLE,Rosenhayn,NJ,8352,0
1011,LEE,GILLIAM,694 DUNDEE CIRCLE,Palisades Park,NJ,7650,455.93
1012,DAMARIS,SAENZ,1019 NORWAY DRIVE,Richmond,KY,40476,0
1013,DOUGLAS,BALLARD,1441 MINNESOTA SB ON DIMOND RAMP,Oak Summit,MD,21234,226.83
1014,GLENDA,KNOWLES,842 JENNISON CIRCLE,Pittsburgh,PA,15204,0
1015,NANETTE,RODRIGUES,479 CHERRY STREET,Merion,PA,19066,0
1016,PORTER,BREWSTER,773 ARMAS DRIVE,Brunswick,GA,31520,342.59
1017,KRISTAN,CURRAN,163 GIBENS CIRCLE,Laytonsville,MD,20879,215.67
1018,DARLA,VILLARREAL,436 REBECCA CIRCLE,Mifflin,PA,17058,0
1019,YASMIN,BALL,1452 MIDDLETON LOOP,Buena Vista,PA,15018,0
1020,REINA,DUDLEY,1053 CLEMENTS DRIVE,Rochester,KY,42273,77.65
1021,EUGENE,BOUCHER,836 CROWN POINT CIRCLE,Cape Saint Claire,MD,21401,583.72
1022,DESSIE,HALE,1083 HORIZON STREET,Montchanin,DE,19710,0
1023,LEEANN,CARSON,120 COLUMBIA STREET,Indianapolis,IN,46239,0
1024,IDELLA,FOREMAN,724 LIDO CIRCLE,Cary,NC,27513,0
1025,YETTA,KING,926 JARVI DRIVE,Stampers Crk,IN,47454,0
1026,BETTINA,RUSH,911 DANA STREET,Rocky Mount,NC,27804,0
1027,KERI,KNOX,1536 CATKIN CIRCLE,Norwich,NY,13815,1728.76
1028,CRISTINE,BYNUM,1469 WERRE STREET,N Natick,MA,1760,78.96
1029,JOHNETTA,ROY,1163 GIROUX CIRCLE,Dauphin Island,AL,36528,224.61
1030,LOU,ROY,1342 TSUSENA CIRCLE,Clyo,GA,31303,0
1031,THANH,PEOPLES,777 TAMARRA CIRCLE,Floradale,PA,17307,0
1032,INES,MACIAS,687 WHISPERWOOD PARK DRIVE,Merry Point,VA,22513,0
1033,BUFORD,COLEMAN,1878 KIANA AVENUE,Fairchance,PA,15436,923.44
1034,JESSIE,STARR,1381 EAGLE RIVER LOOP SPUR,Sunnyburn,PA,17302,1130.04
1035,JENNY,DORSEY,512 NORTH POINT DRIVE,Carolina Beach,NC,28428,111.91
1036,JOHNATHAN,DAVIES,411 WEST 38TH AVENUE,Pitcairn,PA,15140,116.96
1037,KEVEN,VANCE,1471 GERTRUDE STREET,Ocala,FL,34472,134.52
1038,CHARLIE,HATFIELD,1347 CARIBOU AVENUE,Prince,WV,25907,2188.65
1039,HARLAND,ROBERTS,1848 HERITAGE COURT,Dayton,OH,45429,0
1040,JACKIE,WELLS,743 HILLSIDE STREET,Tafts Corner,MA,1562,0
1041,ZORAIDA,DUNBAR,1844 EASTWIND COURT,South Brunswick,NJ,8512,186.89
1042,STACIE,WATSON,325 TOKOSITNA CIRCLE,Bartow,WV,24920,20.99
1043,MARYELLEN,FRY,196 SEAN CIRCLE,North Cambridge,VT,5464,875.72
1044,LAWANDA,MORRIS,760 DEBORAH LANE,East Ellijay,GA,30539,103.96
1045,ZACK,COLEMAN,1617 SUMMERSET DRIVE,Crump,TN,38327,932.14
1046,MARRY,SCHULZ,480 MORE STREET,Copper Hill,MD,21209,292.75
1047,THOMAS,HOLCOMB,1915 LIDO CIRCLE,Brewster,MA,2631,1986.12
1048,CECIL,HULL,905 BRENTWOOD CIRCLE,Kinnelon,NJ,7405,0
1049,MAXIE,WEST,651 BREEZE COURT,Oak Shade,PA,17566,262.63
1050,AMPARO,HESS,693 CENTER STREET,Washingtonville,PA,17884,72.54
1051,CHASTITY,SNEED,321 GRAVINS CIRCLE,Sky Acres,VT,5675,0
1052,BRENDAN,SCHMITT,731 BLACK BEAR DRIVE,Prince,WV,25907,0
1053,GIOVANNA,YANG,1755 SEEMIE STREET,Powells Store,NC,27326,2599.1
1054,EMMITT,NAVARRO,1041 DORIS STREET,Soperton,GA,30457,0
1055,DORTHA,CRUM,1488 CANYON ROAD,West Chester,PA,19381,0
1056,CHASITY,BENAVIDES,874 BUNNELL STREET,Deckerville,MI,48427,0
1057,MARTHA,MCCRAY,1610 GOLDEN STREET,Fife,VA,23054,0
1058,EMERSON,ADDISON,1892 DORBRANDT STREET,Warrensville Heights,OH,44128,0
1059,NED,WITT,454 BARCLAY COURT,Embry Hills,GA,31141,522.24
1060,FRIEDA,SARGENT,22 TOGIAK CIRCLE,Odessa,NY,14869,450.61
1061,RUPERT,BOYCE,1919 PORT ACCESS ROAD,Gwynn Oak,MD,21244,0
1062,SUZY,HARDING,864 RUNAMUCK PLACE,Melton,VA,22942,244.27
1063,ZANE,ATWOOD,49 RESURRECTION DRIVE,Wilson,NC,27894,1976.38
1064,ROYAL,BLAND,1213 GRAIFF STREET,Bay Vista,FL,33712,169.93
1065,ANITRA,FELTON,1371 SOUTHWIND CIRCLE,York,IN,46703,0
1066,ANTONE,HENDRICKSON,145 HOWARD AVENUE,Harrisville,WV,26362,803.65
1067,ROGELIO,SCHMITT,293 BARANOF DRIVE,Guilford,ME,4482,1477.91
1068,ELIZA,CURRIE,778 LOUDERMILK CIRCLE,Panola,AL,35477,1965.76
1069,EDWINA,ELLIS,1847 UPPER TULWAR LOOP,New York,NY,10010,2629.25
1070,BERRY,SILVA,1399 GENEVA PLACE,Johns Pass,FL,33708,0
1071,LAURETTA,MCCOY,1389 SEABREEZE CIRCLE,Mcquady,KY,40153,142.1
1072,ADDIE,BRADY,286 SEABOLT PLACE,Crum,WV,25669,0
1073,EMILIE,ELDER,1707 THUNDER STREET,Cartersville,GA,30120,2510.77
1074,SHERYL,DUMAS,1245 MIKE STREET,Sacred Heart League,MS,38686,0
1075,MAVIS,TUTTLE,1877 ASKELAND DRIVE,Prentiss,MS,39474,0
1076,ESTHER,HOUSE,676 CENTERPOINT DRIVE,Highplains,KY,40106,0
1077,LUCIUS,BLAIR,1465 ATKINSON DRIVE,Greensboro,NC,27455,588.35
1078,MAURO,BRITTON,1742 GLENVIEW STREET,Pine Valley,MS,38965,316.09
1079,THOMAS,ORTEGA,1920 TODD DRIVE,Alto,GA,30596,0
1080,LINDSEY,STARK,1292 MAUSEL STREET,Powells Point,NC,27966,409.95
1081,ROY,LOPEZ,1883 WAREHOUSE AVENUE,Galloway,FL,33805,0
1082,ALEJANDRA,SHERIDAN,1275 AFOGNAK CIRCLE,Borderland,WV,25665,131.69
1083,ALVA,KRAMER,941 ALASKA PLACE,Baker-Taylor,GA,30599,439.28
1084,FAUSTO,SWIFT,861 ZARVIS PLACE,Akron,OH,44398,638.8
1085,NILDA,CANO,455 SHADOW LANE,Stanley,KY,42375,59.98
1086,FELICA,AMBROSE,1788 LEPRECHAN DRIVE,Pecan Grove,MS,39437,0
1087,KARLENE,WHITFIELD,1796 WEST 42ND PLACE,Munson Island,FL,33040,0
1088,DARREN,CULVER,1554 ANCHOR PARK CIRCLE,Thackery,OH,43078,150.91
1089,ARON,CRANE,1470 MC DONELL ROAD,Hagedorns Mills,NY,12074,32.99
1090,SOLEDAD,GREGG,78 DRUM CIRCLE,Hastings,WV,26419,577.81
1091,GRAIG,CARSON,1403 SANCTUARY DRIVE,Shubuta,MS,39360,97.75
1092,CLEMENT,MONTANO,1478 TOWNE COURT,Fort Wayne,IN,46885,373.87
1093,TERRELL,COOPER,1695 TRAIL DRIVE,S Setauket,NY,11720,542.59
1094,VITO,LADNER,993 SANDY PLACE,Wall Lake,IN,46776,196.01
1095,GERRY,DEWITT,1177 ROE WAY,Wallingford,PA,19086,372.02
1096,WYNONA,BLAKE,1127 SALEM STREET,Louisville,KY,40202,8.99
1097,MILDRED,ORR,571 OVERLOOK PLACE,Leverett,MS,38920,598.08
1098,JUDITH,MACIAS,689 PINECONE CIRCLE,Bybee,VA,22963,0
1099,LELIA,DICKENS,16 BURSIEL CIRCLE,Madison Heights,VA,24572,236.26
1100,ELEANORE,SAUNDERS,820 QUARTZ AVENUE,Silver Cross,AL,36538,1972.03
1101,JEREMIAH,CORDOVA,1408 TRURO DRIVE,Hyattsville,MD,20789,346.33
1102,LAKEISHA,IRVING,1618 GREEN GARDEN CIRCLE,Theta,NC,28640,0
1103,AWILDA,BROCK,608 CONCORD HILL CIRCLE,Lawrenceville,KY,41097,167.9
1104,SALLY,MILTON,1892 STYLAR CIRCLE,Griffiss A F B,NY,13441,0
1105,TANGELA,WARNER,1323 SILVERWOOD WAY,South Hills Village,PA,15241,0
1106,WALTER,BAILEY,677 MIRROR DRIVE,Virginia Beach,VA,23458,0
1107,CLEVELAND,HAMMER,108 IVAN DRIVE,Flowood,MS,39043,447.26
1108,NAN,LANDRY,656 VINE AVENUE,Charlotte,NC,28235,574.35
1109,THERESE,ALDRICH,1348 DAVIS STREET,Helmetta,NJ,8828,0
1110,EDGAR,WILLS,589 LYNN DRIVE,Varney,WV,25696,0
1111,DEVIN,ALDRICH,1677 OLD CRANBERRY DRIVE,New Freeport,PA,15352,335.12
1112,GEORGE,BROWNING,987 IVY HOME CIRCLE,Ragan Village,NC,28054,66.44
1113,GERTRUDE,NICHOLSON,383 TUNDRA LOOP DRIVE,Lindentree,OH,44656,498.67
1114,JOHNETTA,NEELY,569 EAU CLAIRE DRIVE,Mahwah,NJ,7430,257.82
1115,NOLAN,NEELY,629 LARKSPUR STREET,Kenwood,NY,13421,2516.69
1116,CYNTHIA,PERRY,347 STROGANOF DRIVE,Cave City,KY,42127,964.93
1117,SIMONE,OROZCO,659 HOLLY LANE,Meiser,PA,17842,0
1118,ROGELIO,GAGE,623 MINNESOTA NB OFF 100TH RAMP,Pompano,FL,33067,218.62
1119,TOD,FINN,1659 DANNILYN CIRCLE,Harveysburg,OH,45032,2660.51
1120,VAUGHN,TALBOT,420 COLUMBINE PLACE,North Corners,GA,30120,2125.59
1121,CHUCK,HAGEN,150 EAST 149TH AVENUE,Laurence Harbor,NJ,8879,0
1122,JULES,ROCHA,276 HANNING BAY CIRCLE,Chapmansboro,TN,37035,364.85
1123,STACY,KEYES,1207 WEST 51ST AVENUE,Warren Industries,PA,16388,0
1124,IRIS,INGRAM,1662 BARCLAY DRIVE,Peakville,NY,13756,1927.59
1125,ANNAMARIE,SWENSON,1281 CONCRETE STREET,Tallahassee,FL,32314,0
1126,CHRISTIAN,LAM,35 PLEASURE VIEW CIRCLE,Hickory Bluff,GA,31565,525.5
1127,ALTAGRACIA,PACHECO,1168 UNIVERSITY DRIVE,Erie,PA,16509,0
1128,BERT,GEIGER,1356 CHICKALOON STREET,Madisonville,OH,45227,110.28
1129,RICKIE,DOTY,1578 BOBBIE CIRCLE,Drexel Hill,PA,19026,51.75
1130,MOSES,MCGRATH,1862 DONCASTER DRIVE,Alexandria,VA,22311,383.08
1131,CARMA,CORNETT,767 CHISANA WAY,Killen,AL,35645,503.05
1132,NATALIE,BLEDSOE,1952 ARTEMUS CIRCLE,Mcclellandtown,PA,15458,56.17
1133,ELDA,HORN,1820 KERSHNER AVENUE,Saranac,MI,48881,0
1134,STEFANI,GARRETT,883 PHARAOH CIRCLE,Atkinson,NH,3811,427.84
1135,MARK,PLATT,1412 CONNIE COURT,Sea Island,GA,31561,318.45
1136,JOELLE,HONEYCUTT,1859 PEACE COURT,Pilot Knob,NY,12844,356.26
1137,RIGOBERTO,WEBSTER,1601 LAKONIA DRIVE,Nas Cecil Field,FL,32200,439.38
1138,NORMA,PHELPS,631 ENGLAND AVENUE,Greer,SC,29650,864.72
1139,BURT,CROWELL,1628 GOODNEWS LANE,Newfoundland,KY,41171,209.37
1140,MA,POOLE,1960 ALDREN CIRCLE,Ehrhardt,SC,29081,432.91
1141,ELEANOR,COULTER,1105 INSPIRATION DRIVE,Port Jefferson Sta,NY,11776,387.05
1142,ROXANN,CAMACHO,1921 RANCHO DRIVE,Powhatan Point,OH,43942,558.94
1143,EZEKIEL,BARTLETT,794 CHATEAU PLACE,Tangier,IN,47952,2680.13
1144,ARIEL,SOUZA,1476 RHONE CIRCLE,Pine Lake,MA,1776,262.64
1145,GINO,GILES,1709 TANNER CIRCLE,Center,GA,30474,0
1146,ANGELO,MAYER,951 ROGER DRIVE,Cedar Island,NC,28520,99.93
1147,ROD,MCGRAW,1595 DARLON STREET,Huber Hts,OH,45424,0
1148,ALDEN,KIRK,1035 TOWER ESTATES CIRCLE,Joppa Heights,MD,21234,0
1149,SHERRILL,LUNA,1448 DEL LANE,Myakka City,FL,34251,0
1150,HAL,MANNING,1831 SOUTH AIRPARK DRIVE,Jackson,TN,38302,142.41
1151,LAWANDA,MCCRAY,1731 STILLWATER DRIVE,Lehigh Valley,PA,18002,1663.29
1152,FRANK,NORWOOD,1096 BAFFIN STREET,N Terre Haute,IN,47805,251.47
1153,RANDELL,WHITTEN,837 DUKE DRIVE,Thompson,CT,6277,0
1154,SONDRA,BROUSSARD,119 EAST LOOP ROAD,Boca Raton,FL,33428,219.38
1155,MURRAY,SCHULTZ,1777 KUSKOKWIM STREET,Charlotte,NC,28225,0
1156,DAN,MENDOZA,1826 CALIFORNIA CREEK WAY,West Point,KY,40177,0
1157,LUCIO,STALEY,1119 GRAND BLUFF CIRCLE,Eastside,NY,11937,502.99
1158,BENTON,TANNER,1677 DAVIDSON DRIVE,Vernon,NY,13476,282.04
1159,SUSAN,CASTILLO,54 LINDSEY CIRCLE,Clarksburg,NJ,8510,169.97
1160,LEOLA,SAMUELS,1326 SLALOM DRIVE,Marywood,IN,47802,656.72
1161,ELISA,DOWDY,1855 VIRGIN CREEK ROAD,East Cambridge,MA,2141,0
1162,DESSIE,STEVENSON,1191 TSUSENA CIRCLE,Fairfax,VA,22039,0
1163,PAM,HILL,660 TAOS ROAD,Scottsville,VA,24590,2534.73
1164,HEATHER,DORAN,1008 MC MANUS DRIVE,Miami,FL,33174,423.18
1165,HAL,DANIEL,797 TRUDY STREET,Lanesboro,PA,18827,0
1166,ROBIN,KNIGHT,62 GUNNYSACK MINE ROAD,Lancaster,PA,17608,317.49
1167,EDISON,PIERRE,824 GRIZZLY AVENUE,Torrance,PA,15779,448.32
1168,EMERSON,CARNEY,162 KAREN CIRCLE,View Mont,NC,28601,2809.82
1169,MOISES,EMERSON,1474 RIDGEVIEW DRIVE,Mount Liberty,OH,43048,417.37
1170,CYNDI,FROST,814 ELMRICH COURT,Cuyler,NY,13050,795.44
1171,LYDA,MERCER,1179 WOODSTOCK CIRCLE,Wrights Corners,IN,47001,0
1172,ADELE,PERKINS,1192 RICHARDSON VISTA ROAD,Sylacauga,AL,35150,458.4
1173,ROCCO,DIXON,410 SHORECREST DRIVE,Charlotte,NC,28225,728.96
1174,BLANCA,BAUTISTA,1193 CRYSTAL STREET,Norwood,NY,13668,43.96
1175,GEORGIANA,OGDEN,1986 DINAAKA DRIVE,Jacksonville,FL,32258,0
1176,DIANE,LOVE,676 SHAKESPEARE CIRCLE,Brimstone Corner,VT,5083,0
1177,LEONORA,HATFIELD,1237 DOE LANE,Boyer,MS,38751,200.47
1178,SAMUAL,HARRISON,640 RAYMOND AVENUE,Tuckahoe,NJ,8250,0
1179,GLADYS,BLOCK,1343 TARGHEE LOOP,Hillsdale Greene,MD,21207,33.98
1180,KRIS,HALE,1178 SYDNIE KAY STREET,Armada Township,MI,48005,238.31
1181,TYLER,STAHL,140 KEMPTON HILLS DRIVE,Hollybrk Lk,IN,47433,165.11
1182,NED,HADLEY,1887 TYONE COURT,Kapps Mill,NC,28676,243.17
1183,JACKIE,WIGGINS,372 PENNY CIRCLE,Hyde Park,PA,15641,299.87
1184,TRACIE,LYLES,1884 CONNIE COURT,Darlington,RI,2861,142.11
1185,ADINA,DOTSON,1137 APHRODITE DRIVE,Kauneonga Lake,NY,12749,0
1186,KEITH,PETTIT,973 BRAGAW SQUARE PLACE,Bluff Point,NY,14478,2588.87
1187,FLOY,BAEZ,1245 BOWLBY STREET,Harford Park,MD,21234,2567.34
1188,CHERRY,WATTS,551 COLGATE DRIVE,Congers,NY,10920,394.7
1189,ERNA,SAENZ,420 MILE HI AVENUE,Rockingham,VT,5101,477.6
1190,RETA,FIELDS,1738 LASSEN STREET,Hellam,PA,17406,0
1191,LATONIA,TOBIN,970 TELSTAR CIRCLE,Girard,PA,16417,549.31
1192,FREDDIE,CRAIG,1709 MATILDA CIRCLE,Stacy,VA,24614,0
1193,EVETTE,WRIGHT,1934 MONTAGUE BAY CIRCLE,Sweden,PA,16915,0
1194,JENNIFFER,PECK,74 AKULA DRIVE,White Plains,NY,10625,0
1195,CEDRICK,MACK,426 TONSINA PLACE,East Pgh,PA,15112,0
1196,CLIFF,FINK,682 CHELEA STREET,Switchback,WV,24887,30.73
1197,MARIO,ADKINS,1188 SNOWSHOE COURT,Twin Hollow,NY,11709,80.02
1198,LOUIE,NEFF,1092 HAUSEY PLACE,Patterson Creek,WV,26753,0
1199,PALMER,NEFF,776 RESOLUTION DRIVE,Castle Hayne,NC,28429,0
1200,KERMIT,HAWKINS,1528 SECLUSION BAY DRIVE,North Park,IN,47710,968.5
1201,DEIDRA,CHACON,1651 LUCKY ROAD,Dillsboro,NC,28725,328.56
1202,CYNDI,COLBERT,1713 RIDGECREST DRIVE,Walters,VA,23315,274.76
1203,SILAS,BARTLETT,1964 SKILAK CIRCLE,Thorndale,PA,19372,275.85
1204,ANGELIA,HALL,1948 BRAGAW SQUARE PLACE,Memphis,TN,38100,189.86
1205,TAD,FIGUEROA,68 HUNTER DRIVE,Cottagegrove,IN,47353,1548.67
1206,ELYSE,ALLISON,177 TOTEM CIRCLE,Crawfordville,FL,32327,1282.01
1207,OSWALDO,HENSLEY,1766 LOC SAULT AVENUE,Murrysville,PA,15668,268.07
1208,AVIS,SAENZ,928 KUSKOKWIM STREET,Pinetown,PA,17339,0
1209,ELLA,LAKE,1981 ANOGOC DRIVE,Cranberry Township,PA,16066,0
1210,CHELSEA,ROGERS,48 POLAR DRIVE,Chase City,VA,23924,0
1211,HOMER,BLISS,1931 RIL WAY,Midway,WV,25878,0
1212,YONG,SPEARS,1637 COVINGTON COURT,Raleigh,NC,27609,0
1213,GERRY,RICHTER,1997 SOUTH RIVER CIRCLE,Palmer Square,NJ,8542,158.92
1214,CHRISTI,GREGG,635 DIXIE COURT,Meadowbrook,WV,26404,432.82
1215,MARTHA,CASH,1223 LOCHENSHIRE PLACE,Jump,OH,43326,1551.79
1216,LUCINDA,BUSH,1891 PARK HILLS DRIVE,Alpine,NY,14805,451.57
1217,CORDELIA,PATTON,1041 MARTAGON CIRCLE,Bernville,PA,19506,0
1218,JAIME,HOLT,1029 HIGHGATE CIRCLE,Pierson,MI,49339,7.49
1219,ANTHONY,SHULTZ,1453 CLAUDENE LOOP,Louisville,KY,40218,0
1220,LOU,LACEY,1287 FAIRWEATHER DRIVE,Westbury,NY,11597,0
1221,DARRON,ALVAREZ,1028 BONNIE JEAN COURT,Ferdinand,IN,47532,0
1222,DORA,BOYER,1572 WOODCHASE CIRCLE,Cataract,IN,47460,426.05
1223,KYRA,HARTMAN,806 PARKER PLACE,Paterson,NJ,7538,755.12
1224,HUEY,KEITH,350 GENEVE AVENUE,Driver,VA,23435,206.85
1225,TONY,GILLESPIE,1071 MOUNTAIN WAY,Roseville,MI,48066,29.99
1226,SADIE,BAIRD,627 NORTH SIDE CIRCLE,Overlea,MD,21206,0
1227,THOMASINA,DAVID,851 GILBERT ROAD,Chestertown,MD,21620,292.29
1228,ROLANDO,MULLINS,837 GLENN NB ON TURPIN RAMP,Creagerstown,MD,21788,0
1229,ARLEEN,LOWERY,102 CHESAPEAKE CIRCLE,Piscataway,NJ,8854,259.64
1230,DONA,WEST,1024 WEST SKYLINE DRIVE,Dahomey,MS,38725,13.18
1231,BIRDIE,BOWEN,151 OILWELL ROAD,Southeastern,PA,19397,0
1232,TRICIA,TALLEY,161 DRAPER DRIVE,Willow,KY,41004,235.85
1233,NATHALIE,CHURCH,1802 SNOWY OWL CIRCLE,Napier Field,AL,36303,160.96
1234,ARIEL,DILL,356 EAST 13TH AVENUE,Alexandria,VA,22301,2595.55
1235,FRANCESCA,WOODALL,488 TIFFIN CIRCLE,Richmond,VA,23286,413.48
1236,RONNA,VALENCIA,118 MISTY COURT,Camden,OH,45311,0
1237,HELEN,CRENSHAW,1259 KNIK AVENUE,Hamlet,NC,28345,59.95
1238,STANFORD,DRAKE,976 UNIVERSITY LAKE DRIVE,Vestal,NY,13850,448.16
1239,REYNA,HAMMER,903 DORA AVENUE,Greensboro,MD,21639,41.02
1240,ASHLEY,GENTRY,949 E LOOP WB ON W LOOP RAMP,James Island,SC,29412,2522.96
1241,LUANNE,HERRING,214 SUN AVENUE,Irvington,NJ,7111,1983.36
1242,HERB,CHRISTOPHER,511 WELLS CIRCLE,Martic Forge,PA,17565,84.95
1243,CARROLL,HALE,1898 HOLLOW STREET,Pocono Summit,PA,18346,0
1244,BRIANA,KEENAN,118 MOUNTAIN LAKE CIRCLE,West Arlington,NJ,7032,0
1245,KIRSTEN,BRIGHT,430 HILLANDALE AVENUE,Lennox Park,MD,21227,0
1246,DENNA,ALVAREZ,1373 LOC LOMAN LANE,Ithan,PA,19085,0
1247,IVORY,CARON,1874 INTERSTATE STREET,Lennut,KY,41729,0
1248,LISA,BRADY,491 LOWLAND AVENUE,Daphne,AL,36577,0
1249,RAPHAEL,STONE,1873 ATELIER DRIVE,Prudence Island,RI,2872,54.36
1250,ALISON,WOODSON,1253 CECILIA WAY,Iola,PA,17846,1262.83
1251,ADELA,ABEL,1350 QUINHAGAK STREET,Knettishall,MD,21286,0
1252,KERRIE,MARSHALL,1674 IOWA STREET,New Bremen,OH,45869,215.39
1253,TRENTON,PRESLEY,1905 ANCHOR PARK CIRCLE,Montgomery,AL,36131,348.95
1254,JAIMIE,BARRON,1188 LACE ROAD,Shadyside,OH,43947,2276.48
1255,FAUSTO,SLAUGHTER,1352 NORTH CHRISTMASBERRY LOOP,East Warren,VT,5669,631.02
1256,NATHANIAL,CRAIG,1603 BIRCH CREEK DRIVE,Shelburn,IN,47879,0
1257,MICHAELA,CORNETT,474 MAUDEST PLACE,Castle Creek,NY,13744,840.13
1258,MONROE,DILLARD,260 HOLLYWOOD DRIVE,Mc Arthur,OH,45651,0
1259,DELPHIA,FLORES,183 VAQUERO ROAD,Centredale,RI,2911,2032.28
1260,ENEDINA,MCCOY,1982 LIST CIRCLE,Hampton,VA,23661,2579.18
1261,JAIMIE,CURRY,828 TRADEWIND DRIVE,Drew,MS,38737,340.06
1262,NICHOLE,VOGT,677 GABE ROAD,Vertrees,KY,42785,0
1263,WILLIE,BAEZ,697 PINTAIL STREET,Limaburg,KY,41005,0
1264,MICHAELA,RICHARD,44 RASMUSSON STREET,Georgetown,AL,36521,143.96
1265,JAROD,STRONG,1825 GAV WAY,Dublin,OH,43016,458.86
1266,FLOSSIE,CLARKE,1658 EAST 49TH COURT,Clarendon Springs,VT,5777,898.73
1267,ARACELI,HALL,536 CHIRIKOF AVENUE,Crabtree,PA,15624,0
1268,KELSEY,HADLEY,908 RUSSELL CIRCLE,Seneca,PA,16346,0
1269,CLEMENTE,MESSER,1178 BENTREE CIRCLE,Mount Zion,WV,26151,707.82
1270,GEORGINA,DIGGS,311 IMAGE DRIVE,Kimballton,VA,24150,0
1271,CORTEZ,MELTON,250 INDIANA STREET,Coryville,OH,45638,129.93
1272,ELISA,BURGOS,1693 DOUBLE TREE COURT,Westernville,NY,13486,335.66
1273,LEN,STERLING,1824 WOO BOULEVARD,Waterboro,ME,4087,0
1274,ROSARIO,CLEMONS,239 MARY CIRCLE,Longwood,FL,32750,3.49
1275,ELEANORE,NEFF,556 CACHE DRIVE,Saint Stephens,AL,36569,428.73
1276,LATONIA,LOPEZ,1004 KRONOS DRIVE,Dalton,MA,1226,401.22
1277,MICHELLE,HOPKINS,367 WEST 59TH AVENUE,Fox Lake,IN,46703,272.52
1278,VICENTE,MONTGOMERY,1134 EAST 49TH AVENUE,Cadaretta,MS,38929,1543.2
1279,SHAWN,GIBBONS,364 NANCY CIRCLE,Fairfield,CT,6432,119.48
1280,ELISHA,RAMIREZ,847 TIFFANY TERRACE,Brookline Village,MA,2147,58.36
1281,ZULA,KENNEDY,1800 OMALLEY CENTRE DRIVE,Cumming,GA,30131,0
1282,KATHLYN,XIONG,1535 U STREET,North Pawlet,VT,5761,0
1283,JOSEFA,CONTRERAS,1533 STURBRIDGE CIRCLE,Boston,MA,2108,228.71
1284,KIP,KENT,1735 CODY COURT,Hialeah,FL,33017,0
1285,GILLIAN,HARDING,897 GREENPOINT AVENUE,Fanwood,NJ,7023,1096.45
1286,BARNEY,TEAGUE,1786 ECHO STREET,Webster,PA,15087,107.17
1287,ALEC,HOWARD,1917 BEAUFORT WAY,Bowling Green,VA,22427,0
1288,NELLIE,ZUNIGA,1353 WHITE DRIVE,West Newark,NY,13811,0
1289,JASPER,GREGORY,1541 CHARLOTTE CIRCLE,Mechanicstown,OH,44651,2233.98
1290,BERTRAM,WILLIAM,444 DEMETER DRIVE,Rancocas Woods,NJ,8054,275
1291,LAKISHA,QUINN,1618 MOUNTAIN CIRCLE,Wallace,IN,47988,394.83
1292,LINO,YANG,1532 ILLIAN LANE,Red Diamond,OH,45651,326.58
1293,PAMALA,KEYES,615 FIRE LAKE DRIVE,Pr Wshngtn,NY,11050,423.08
1294,JODY,BARRY,1181 GLENN SB ON MULDOON RAMP,Jeffries,MS,38626,223.39
1295,BORIS,VALENCIA,1040 ERVIN ROAD,Spring Grove,KY,42437,2321.95
1296,DIRK,BAUTISTA,267 FAIRWEATHER DRIVE,Savage,MS,38665,2555.92
1297,JEROME,HENRY,907 SEWARD 34TH RAMP,Locust Grove,KY,41040,573.79
1298,MAURICIO,TRIPP,164 NORTHFLEET DRIVE,West Peru,ME,4290,69.87
1299,RICARDO,DOW,1158 GREGG LANE,Cinclantflt,VA,23551,128.7
1300,FABIOLA,FERREIRA,1748 INYO CIRCLE,Norwood,VA,24581,47.98
1301,STUART,LOWRY,1348 SHAMROCK STREET,Casstown,OH,45312,1382.13
1302,STEPHEN,GROVES,677 WILDERNESS ROAD,Sue Creek Landing,MD,21221,487.76
1303,KARRIE,MESSER,441 WEST DIMOND BOULEVARD,Churchill,PA,15221,254.63
1304,TOMASA,HARE,1570 MONARCH MINE ROAD,Peninsula,FL,33609,0
1305,LUCINDA,REID,361 JAMES ROAD,Kringsbush,NY,13452,1857.88
1306,IVORY,MURRAY,1797 WILLOW LANE,Utica,NY,13503,1982.12
1307,APRIL,SUAREZ,1181 HENNINGS WAY,Bay Harbor,MI,49770,0
1308,CLEMENT,SHANNON,623 PEARL DRIVE,Sterling Hts,MI,48310,0
1309,DAN,PACK,73 SHARON PLACE,Cedar Hill,TN,37032,229.89
1310,KELSEY,WATTS,1260 PENNY CIRCLE,Limestone,ME,4750,0
1311,KENETH,TRACY,1723 WELLS CIRCLE,Ypsilanti,MI,48197,2489.39
1312,MARCIE,SCOTT,1588 WESTWIND COURT,Wolcott,VT,5680,0
1313,CARL,WEST,747 WEST BLUFF DRIVE,Newtonville,MA,2165,89.97
1314,SHEREE,MOORE,995 HARLEQUIN PLACE,Mcandrews,KY,41543,0
1315,CYNDI,STACY,395 JAGUAR CIRCLE,Star City,IN,46985,0
1316,GERARD,BRADSHAW,1304 DEER PARK CIRCLE,Garland,WV,24811,173.78
1317,LIZ,HERBERT,1903 SAGAN CIRCLE,West End,NC,27376,300.24
1318,STEPHEN,BARR,1867 JOY CIRCLE,Piseco,NY,12139,1164.35
1319,JAMES,HOLLINGSWORTH,1146 LUPINE ROAD,Bell City,KY,42040,269.19
1320,RASHAD,MADDEN,1824 CRYSTAL BAY CIRCLE,Colden,NY,14033,40.77
1321,MARISA,GIBSON,851 HIGHLAND PARK AVENUE,New York,NY,10110,0
1322,CHARLOTTE,LUJAN,251 RUNESTAD CIRCLE,Coral Springs,FL,33075,0
1323,BRENDA,ROBISON,967 COTONEASTER CIRCLE,Shallotte,NC,28467,238.79
1324,CHASITY,TRUJILLO,1201 EVERGREEN STREET,Ocoee,TN,37361,94.84
1325,DELMER,RUSHING,1430 CLAIRMONT CIRCLE,Lima,OH,45808,2055.94
1326,HALEY,NORTON,498 WHIST ROAD,Sunman,IN,47041,0
1327,JERRY,ABRAMS,1962 GOLDEN VIEW DRIVE,Deering,OH,45638,340.98
1328,ALEXANDRIA,BURKE,333 CARL BRADY DRIVE,Mcewen,TN,37101,74.94
1329,JENELLE,ACKERMAN,1537 GRIZZLY LANE,Boothbay,ME,4549,298.52
1330,BARBARA,BUCKLEY,77 VALLIHI CIRCLE,Takoma Park,MD,20913,0
1331,FRANKIE,JOYNER,1280 REFLECTION DRIVE,Columbia,SC,29260,381.93
1332,DEE,ROLLINS,1082 HARLEY DRIVE,Coburn,WV,26562,0
1333,CHARLINE,HAAS,1998 JENNIFER ANN CIRCLE,Grout,VT,5159,2575.53
1334,ALLENE,ONEIL,1409 SITKALIDAK LANE,Fayetteville,NC,28304,0
1335,WILLARD,SHAFER,584 ADMIRALTY BAY DRIVE,Bombay,NY,12914,486.18
1336,VAN,LANGFORD,1878 SEAWIND DRIVE,Maynard,MA,1754,0
1337,CLAUDINE,JORGENSEN,1541 SAINT GOTTHARD AVENUE,Cave Spring,KY,42276,1463.96
1338,KIRBY,LILLY,296 TERN CIRCLE,East Fairfield,VT,5448,230.02
1339,MABEL,STRONG,1116 THUNDERBIRD PLACE,Diamond Lake,IN,46794,2811.07
1340,BETSY,MCCLELLAN,1209 NORTHRUP PLACE,Old Plymouth Heights,OH,45629,0
1341,CHRISTOPER,LOZANO,1857 CREEKSIDE CENTER DRIVE,Utica,NY,13502,1753.42
1342,FAWN,MCDONALD,235 ZODIAK DRIVE,Pleasant Mills,IN,46780,79.45
1343,LESLEY,HAYWOOD,767 MUMBY CIRCLE,Montgomery Woods,MD,21227,263.93
1344,CHANCE,GLENN,1314 ARTHUR COURT,Ravenel,SC,29470,216.4
1345,WALTON,ELLIOT,783 DENALI STREET,Saint Stephens Church,VA,23148,355.53
1346,CLARK,CHANEY,530 SEXTANT CIRCLE,Woodford,NC,28684,577.32
1347,STARR,FLYNN,402 FAST STREET,White River Junction,VT,5009,72.92
1348,FRANCES,DICKEY,519 READER ROAD,Grove City,FL,34224,0
1349,CALEB,MENDEZ,1695 THUJA CIRCLE,Elliottson,PA,17013,262.58
1350,LATONYA,KAY,61 LOUSSAC DRIVE,Seaboard,AL,36529,0
1351,CHERRI,SALAZAR,1848 MOOSEBERRY BEND,Compton,MD,20627,0
1352,TONEY,PERDUE,1964 BIRCH STREET,Quaker City,OH,43736,0
1353,JOANIE,ROSA,1057 LYNWOOD DRIVE,Toll Gate Heights,IN,46714,0
1354,MELINA,MCKAY,216 BURLINGTON STREET,Forest City,NC,28043,43.98
1355,JOY,CAMPBELL,135 AUTUMN LANE,Pilot Mt,NC,27041,415.53
1356,ZANE,CONNER,424 TAIGA DRIVE,South Burlington,VT,5401,226.51
1357,ASHA,COLLIER,911 WHITE SPRUCE DRIVE,Toboyne,PA,17071,0
1358,SHAINA,LEBLANC,742 BANJO CIRCLE,Linden Hill,NY,11354,0
1359,ISIAH,HORN,352 ALYESKA HIGHWAY,Vienna,VA,22181,159.18
1360,MICHEL,WHALEN,851 FISCHER AVENUE,Morrisdale,PA,16858,0
1361,SANTIAGO,RAMOS,776 MICHELIN ALLEY,South Lynnfield,MA,1940,0
1362,ROSALIE,HENDRIX,1574 KLUANE AVENUE,Keene,NH,3431,295.01
1363,GASTON,HICKMAN,1725 FAWN LANE,Athol,KY,41307,382.02
1364,DWAIN,CHRISTIANSEN,1374 EAST 172ND AVENUE,Pen Mar,PA,17268,242.05
1365,PANSY,THACKER,1956 GILMORE COURT,Muren,IN,47598,2424.27
1366,LATISHA,FLOOD,1734 KRISTIE CIRCLE,Carbondale,PA,18407,137
1367,LOLITA,SHIPLEY,1175 HIALEAH DRIVE,Torrington,CT,6790,185.94
1368,CHRYSTAL,GOODRICH,875 MIDNIGHT SUN COURT,Greenville,SC,29605,0
1369,BESSIE,FROST,1558 TELEQUANA CIRCLE,Niagara,NY,14300,0
1370,MINERVA,SUTTON,911 KEITH CIRCLE,Nashville,GA,31639,0
1371,CATHI,FORBES,1619 EAST 164TH AVENUE,Atherton,IN,47874,811.87
1372,JAME,KENDRICK,1893 SUMMERSET DRIVE,Walden Heights,VT,5873,0
1373,MARSHA,ELLIOTT,280 ARCTIC CIRCLE,Arlington,VA,22242,0
1374,WILTON,MATA,1526 GRANGE DRIVE,Royalton,OH,43130,65.14
1375,VICTOR,SARGENT,499 WHITE HAWK DRIVE,Sardis,TN,38371,335.7
1376,PRECIOUS,WEIR,560 WESTVIEW CIRCLE,Fayetteville,NC,28311,23.18
1377,ALEXANDRA,ANDREWS,1854 FORGET-ME NOT LANE,Risingdale,MA,1230,226.82
1378,KEN,RANDALL,921 JASPER LANE,South Miami,FL,33143,272.88
1379,CORINA,FORD,1867 MARQUEZ CIRCLE,Eastern Airlines,FL,33148,127.21
1380,JIM,RANKIN,172 EAST FIREWEED LANE,Hannibal,NY,13074,0
1381,CAROLINE,CRANDALL,1500 WILD ROSE COURT,Otsego,MI,49078,337.3
1382,BERYL,DYE,740 BOULDER BAY CIRCLE,Geers Corners,NY,13648,136.4
1383,NIDIA,GRAHAM,62 IMAGE DRIVE,East Bloomfield,NY,14443,0
1384,BENITO,BRUNSON,1126 BEACH CIRCLE,Fostoria,MI,48435,1719.72
1385,ALENE,BEST,1080 U STREET,Boundry,IN,47371,0
1386,LIANE,REILLY,580 SPINNAKER DRIVE,Hollywood,FL,33024,193.86
1387,LYNN,LUCERO,1663 PLEASURE VIEW CIRCLE,Nicholls,GA,31554,0
1388,MARCOS,KENDALL,1126 ALPINE DRIVE,Mingoville,PA,16856,225.33
1389,COLBY,BOSWELL,1257 FOUR WHEEL DRIVE,Macomb,MI,48042,976.43
1390,HAYDEE,MULLER,396 EAST 75TH COURT,Columbus,IN,47201,281.14
1391,JOHNATHON,MCCALL,1296 MYRTLE DRIVE,Fairlawn,PA,17728,0
1392,CHASITY,SINGH,359 J-K LANE,Chagrin Township,OH,44022,0
1393,JAE,GOOD,13 ZURICH STREET,Louisa,KY,41201,1600.78
1394,FAWN,MERCER,1460 HAMPTON DRIVE,Terrell,NC,28682,917.88
1395,DEIDRE,DUTTON,610 CORONA CIRCLE,N Burlington,VT,5401,1588.79
1396,RENATO,MCQUEEN,1198 NAVROT CIRCLE,Easley,SC,29641,155.41
1397,RICK,DWYER,731 WEST LAKE CIRCLE,Stacy,VA,24614,23.59
1398,TRISHA,DONNELLY,1597 EAST 120TH AVENUE,Bell Buckle,TN,37020,158.59
1399,JANEL,HOLDER,1534 WALLACE AVENUE,Rushtown,PA,17821,332.36
1400,SHAUN,RAMEY,227 SHELIKOF STREET,The Mail Box,TN,37990,195.47
1401,CARLENE,CULVER,1065 PLATINUM CIRCLE,Schenectady,NY,12308,0
1402,RUBYE,PACE,1412 FROLICK WIND ROAD,Brentwood,NH,3833,139.31
1403,SONDRA,LANE,302 TYL TRAIL,Hanson,KY,42413,296.65
1404,HAL,LUNDY,1098 ALASKA AVENUE,Farley,MA,1344,0
1405,LUISA,MCMANUS,842 GALVESTON CIRCLE,Sebring,OH,44672,0
1406,CHAS,CORONA,110 ROBINSON ROAD,Jackson Center,OH,45334,0
1407,FELICIA,CRUZ,643 TURNAGAIN PARKWAY,Coalburg,AL,35068,387.93
1408,DARCIE,ALLRED,1694 COUNTRY MEADOW CIRCLE,Kyleville,PA,17302,90.36
1409,SUZANNE,LOCKWOOD,1008 SWEETGALE COURT,Pensacola,FL,32500,1890.3
1410,ANNE,WOODALL,1013 KENAI TERRACE ROAD,Springfield,NC,28635,72.94
1411,HEATH,DOWNEY,1993 KEYSTONE PLACE,Boca Raton,FL,33499,0
1412,EVALYN,HEWITT,293 TIMOTHY CIRCLE,Tallassee,AL,36078,200.87
1413,ARIELLE,MILLIGAN,1415 CODY COURT,Bristol,FL,32321,0
1414,ENOCH,KOEHLER,64 AMBER BAY LOOP,Colvin,NY,13205,269.66
1415,JOHNNIE,DUNLAP,737 MIDDLETON LOOP,Oxford,IN,47971,199.92
1416,SHAUN,SANDERSON,1288 MELODY PLACE,Pensacola,FL,32509,32.97
1417,BELLA,HOPPER,1126 WEST 71ST AVENUE,Snyders,PA,17960,108.72
1418,RICHELLE,DOYLE,1435 EAST 77TH AVENUE,Commerce,GA,30599,102.84
1419,KARIE,TATE,460 IKE WALTON ROAD,Bladenboro,NC,28320,0
1420,VALERIA,KIRKPATRICK,1333 BROWDER AVENUE,Old Bennington,VT,5201,129.3
1421,MARILEE,RICHARDS,1835 AUTUMN DRIVE,Prince Frederick,MD,20697,255.87
1422,RENAE,RUIZ,1026 CARLSON ROAD,Holden,VT,5763,0
1423,TANIKA,VILLALOBOS,1179 FREDRICKS DRIVE,Bassfield,MS,39421,1895.8
1424,ELDORA,ALLRED,1801 UAA DRIVE,Exchange,WV,26619,43.36
1425,KATE,RIVAS,1335 BUBBLING BROOK CIRCLE,Macclesfield,NC,27852,0
1426,CORRINA,MELENDEZ,1430 LATTA CIRCLE,Summit,NC,27405,654.99
1427,HENRY,HATCH,879 EASTWIND COURT,Seabrook,MD,20706,27.98
1428,SANJUANITA,ROWLAND,1091 TUDORTOP CIRCLE,Marietta,GA,30069,0
1429,RUSTY,LAWRENCE,1197 SOUTHBLUFF CIRCLE,Foster,KY,41043,301.85
1430,ANGIE,MARKS,1165 TIKISHLA STREET,Pilgrim Gardens,PA,19026,0
1431,DARWIN,CARRIER,157 LOC SAULT AVENUE,Pigeon,IN,47523,0
1432,VICTOR,MANLEY,894 SANDPIPER COURT,Zoar,OH,44697,0
1433,LURA,CUMMINGS,14 ALPENGLOW DRIVE,Hacker Valley,WV,26222,168.51
1434,JUNE,KEYS,1283 TEDROW DRIVE,Arbovale,WV,24915,112.02
1435,ROSS,VELA,492 BEAR PAW LANE,Red Ash,VA,24640,268.56
1436,TRICIA,EDDY,11 BONI STREET,Fort Lauderdale,FL,33309,278.66
1437,LESLEE,KELLY,1656 MINK CREEK DRIVE,Coalfield,TN,37719,2581.32
1438,NICOLETTE,SALAS,1626 EAST 81ST AVENUE,Cross Hill,SC,29332,29.67
1439,SHANNA,PRITCHARD,1448 ARLENE DRIVE,Lavaca,AL,36911,1531.98
1440,LONNIE,MANNING,644 PARKER PLACE,Big Cove,AL,35763,377.51
1441,PEARL,TRAN,1641 AMCHITKA CIRCLE,Nyesville,IN,47872,0
1442,ROBERTA,KERN,1062 DOROTHY DRIVE,Clarkston,GA,30021,102.9
1443,ALYSON,SELF,772 LUPIN DRIVE,Motley,AL,36276,114.9
1444,MICKEY,HAM,1295 HEISLER AVENUE,Townsend Harbor,MA,1469,0
1445,KATHERINE,CASH,1403 MISTY SPRINGS COURT,Hathaways Point,VT,5478,458.13
1446,JOHNNY,STARR,1009 STEPHANDALE WAY,White Pond,SC,29853,0
1447,MARY,TOMLINSON,1448 NEACOLA CIRCLE,Princess,KY,41101,0
